sg_uf;cd_cargo;ds_cargo;nr_candidato;nm_candidato;nm_urna_candidato;sg_partido;ds_composicao_coligacao;nr_turno;ds_sit_totalizacao;dt_ult_totalizacao;sg_ue;sq_candidato;nm_tipo_destinacao_votos;sq_eleicao_divulga;qt_votos_nom_validos;qt_votos_concorrentes
MA;7;Deputado Estadual;40444;IRACEMA CRISTINA VALE LIMA;IRACEMA VALE;PSB;PSB;1;Eleito;2022-10-03 03:11:03;MA;100001607060;Válido;2040602022;104729;3701453
MA;7;Deputado Estadual;65065;OTHELINO NOVA ALVES NETO;OTHELINO NETO;PC do B;PT / PV / PC do B;1;Eleito;2022-10-03 03:11:03;MA;100001613745;Válido;2040602022;84815;3701453
MA;7;Deputado Estadual;40789;CARLOS EDUARDO DE OLIVEIRA LULA;CARLOS LULA;PSB;PSB;1;Eleito;2022-10-03 03:11:03;MA;100001607073;Válido;2040602022;80828;3701453
MA;7;Deputado Estadual;40456;DAVI BRANDÃO FARIAS;DAVI BRANDÃO;PSB;PSB;1;Eleito;2022-10-03 03:11:03;MA;100001607064;Válido;2040602022;67392;3701453
MA;7;Deputado Estadual;40222;RAIMUNDO FLORÊNCIO MONTEIRO NETO;FLORÊNCIO NETO;PSB;PSB;1;Eleito;2022-10-03 03:11:03;MA;100001607077;Válido;2040602022;56100;3701453
MA;7;Deputado Estadual;22000;FABIANA VILAR RODRIGUES;FABIANA VILAR;PL;PL;1;Eleito;2022-10-03 03:11:03;MA;100001603158;Válido;2040602022;55314;3701453
MA;7;Deputado Estadual;22345;SOLANGE DE ARAUJO SOUSA;SOLANGE ALMEIDA;PL;PL;1;Eleito;2022-10-03 03:11:03;MA;100001603166;Válido;2040602022;55193;3701453
MA;7;Deputado Estadual;40400;FRANCISCO NAGIB BUZAR DE OLIVEIRA;FRANCISCO NAGIB;PSB;PSB;1;Eleito;2022-10-03 03:11:03;MA;100001607085;Válido;2040602022;53125;3701453
MA;7;Deputado Estadual;55456;MICAL SILVA DAMASCENO;MICAL DAMASCENO;PSD;PSD;1;Eleito;2022-10-03 03:11:03;MA;100001607113;Válido;2040602022;52123;3701453
MA;7;Deputado Estadual;44678;JOSÉ ARIMATEA LIMA NETO EVANGELISTA;NETO EVANGELISTA;UNIÃO;UNIÃO;1;Eleito;2022-10-03 03:11:03;MA;100001607486;Válido;2040602022;50923;3701453
MA;7;Deputado Estadual;22123;ALUIZIO DE SOUZA SANTOS;ALUIZIO SANTOS;PL;PL;1;Eleito;2022-10-03 03:11:03;MA;100001603187;Válido;2040602022;50770;3701453
MA;7;Deputado Estadual;12012;OSMAR GOMES DOS SANTOS FILHO;OSMAR FILHO;PDT;PDT;1;Eleito;2022-10-03 03:11:03;MA;100001599582;Válido;2040602022;50117;3701453
MA;7;Deputado Estadual;40212;RAFAEL DE BRITO SOUSA;RAFAEL LEITOA;PSB;PSB;1;Eleito;2022-10-03 03:11:03;MA;100001607074;Válido;2040602022;49798;3701453
MA;7;Deputado Estadual;12456;VIVIANNE MARTINS COELHO E SILVA;DRA VIVIANNE;PDT;PDT;1;Eleito;2022-10-03 03:11:03;MA;100001599580;Válido;2040602022;49202;3701453
MA;7;Deputado Estadual;40123;ANDREIA LOPES MARTINS REZENDE;ANDREIA MARTINS REZENDE;PSB;PSB;1;Eleito;2022-10-03 03:11:03;MA;100001607086;Válido;2040602022;48186;3701453
MA;7;Deputado Estadual;11111;RILDO DE OLIVEIRA AMARAL;RILDO AMARAL;PP;PP;1;Eleito;2022-10-03 03:11:03;MA;100001608087;Válido;2040602022;48090;3701453
MA;7;Deputado Estadual;22200;ABIGAIL CUNHA DE ALMEIDA SOUSA;ABIGAIL;PL;PL;1;Eleito;2022-10-03 03:11:03;MA;100001603152;Válido;2040602022;48025;3701453
MA;7;Deputado Estadual;40258;DANIELLA JADÃO MENESES CUNHA;DANIELLA;PSB;PSB;1;Eleito;2022-10-03 03:11:03;MA;100001607072;Válido;2040602022;47277;3701453
MA;7;Deputado Estadual;51222;EDNA SANTOS SILVA;EDNA SILVA;PATRIOTA;PATRIOTA;1;Eleito;2022-10-03 03:11:03;MA;100001608109;Válido;2040602022;46248;3701453
MA;7;Deputado Estadual;12123;GLALBERT NASCIMENTO CUTRIM;GLALBERT CUTRIM ;PDT;PDT;1;Eleito;2022-10-03 03:11:03;MA;100001599573;Válido;2040602022;45134;3701453
MA;7;Deputado Estadual;51000;GUILHERME FONSECA PAZ;GUILHERME PAZ;PATRIOTA;PATRIOTA;1;Eleito;2022-10-03 03:11:03;MA;100001608121;Válido;2040602022;44844;3701453
MA;7;Deputado Estadual;65400;RODRIGO PIRES FERREIRA LAGO;RODRIGO LAGO;PC do B;PT / PV / PC do B;1;Eleito;2022-10-03 03:11:03;MA;100001613741;Válido;2040602022;43292;3701453
MA;7;Deputado Estadual;20000;FERNANDO SALIM BRAIDE;FERNANDO BRAIDE;PSC;PSC;1;Eleito;2022-10-03 03:11:03;MA;100001620079;Válido;2040602022;42506;3701453
MA;7;Deputado Estadual;15000;RICARDO JOSÉ SÁ FORTES DE ARRUDA;RICARDO ARRUDA;MDB;MDB;1;Eleito;2022-10-03 03:11:03;MA;100001606625;Válido;2040602022;42056;3701453
MA;7;Deputado Estadual;40321;YGLESIO LUCIANO MOYSES SILVA DE SOUZA;DR, YGLÉSIO;PSB;PSB;1;Eleito;2022-10-03 03:11:03;MA;100001607076;Válido;2040602022;42009;3701453
MA;7;Deputado Estadual;55800;WELLRYK OLIVEIRA COSTA DA SILVA;ERIC COSTA;PSD;PSD;1;Eleito;2022-10-03 03:11:03;MA;100001607118;Válido;2040602022;40629;3701453
MA;7;Deputado Estadual;40233;ARISTON RIBEIRO DE SOUSA;ARISTON GONÇALO;PSB;PSB;1;Eleito;2022-10-03 03:11:03;MA;100001607069;Válido;2040602022;40236;3701453
MA;7;Deputado Estadual;11222;ANTONIO ARNALDO ALVES DE MELO;ARNALDO MELO;PP;PP;1;Eleito;2022-10-03 03:11:03;MA;100001608090;Válido;2040602022;39546;3701453
MA;7;Deputado Estadual;22555;CLAUDIO LUIZ LIMA CUNHA;CLAUDIO CUNHA;PL;PL;1;Eleito;2022-10-03 03:11:03;MA;100001603167;Válido;2040602022;39104;3701453
MA;7;Deputado Estadual;10789;JANAINA LIMA ARAÚJO RAMOS;JANAINA RAMOS;REPUBLICANOS;REPUBLICANOS;1;Eleito;2022-10-03 03:11:03;MA;100001602653;Válido;2040602022;38927;3701453
MA;7;Deputado Estadual;40333;ANTONIO PEREIRA FILHO;ANTÔNIO PEREIRA;PSB;PSB;1;Eleito;2022-10-03 03:11:03;MA;100001607063;Válido;2040602022;38329;3701453
MA;7;Deputado Estadual;11000;HEMETERIO WEBA FILHO;HEMETERIO WEBA;PP;PP;1;Eleito;2022-10-03 03:11:03;MA;100001608098;Válido;2040602022;37709;3701453
MA;7;Deputado Estadual;12345;CLAUDIA FABIANA VIEIRA SILVA;CLAUDIA COUTINHO;PDT;PDT;1;Eleito;2022-10-03 03:11:03;MA;100001599591;Válido;2040602022;37435;3701453
MA;7;Deputado Estadual;22111;KARLOS PARABUCU SANTOS FIGUEIREDO DOS ANJOS;PARÁ FIGUEIREDO;PL;PL;1;Suplente;2022-10-03 03:11:03;MA;100001603171;Válido;2040602022;37186;3701453
MA;7;Deputado Estadual;11444;JOSE GEOVANI LOPES DE QUEIROZ JUNIOR;JUNIOR FRANÇA;PP;PP;1;Eleito;2022-10-03 03:11:03;MA;100001608097;Válido;2040602022;35820;3701453
MA;7;Deputado Estadual;55123;CÉSAR HENRIQUE SANTOS PIRES;CÉSAR PIRES;PSD;PSD;1;Suplente;2022-10-03 03:11:03;MA;100001607121;Válido;2040602022;35600;3701453
MA;7;Deputado Estadual;51444;JUSCELINO DA CRUZ FILGUEIRA JUNIOR;JUSCELINO MARRECA;PATRIOTA;PATRIOTA;1;Eleito;2022-10-03 03:11:03;MA;100001608131;Válido;2040602022;35567;3701453
MA;7;Deputado Estadual;45555;INÁCIO CAVALCANTE MELO NETO;INÁCIO MELO;PSDB;CIDADANIA / PSDB;1;Não Eleito;2022-10-03 03:11:03;MA;100001619965;Válido;2040602022;35259;3701453
MA;7;Deputado Estadual;51333;JOÃO BATISTA GONCALVES DE CASTRO SEGUNDO;JOÃO BATISTA SEGUNDO;PATRIOTA;PATRIOTA;1;Suplente;2022-10-03 03:11:03;MA;100001608118;Válido;2040602022;35057;3701453
MA;7;Deputado Estadual;40888;EDSON CUNHA DE ARAUJO;EDSON ARAUJO;PSB;PSB;1;Suplente;2022-10-03 03:11:03;MA;100001607088;Válido;2040602022;34545;3701453
MA;7;Deputado Estadual;11888;ANTONIO JOSE BITTENCOURT DE ALBUQUERQUE JUNIOR;CATULÉ JUNIOR;PP;PP;1;Suplente;2022-10-03 03:11:03;MA;100001608091;Válido;2040602022;34487;3701453
MA;7;Deputado Estadual;40000;ADELMO DE ANDRADE SOARES;ADELMO SOARES;PSB;PSB;1;Suplente;2022-10-03 03:11:03;MA;100001607087;Válido;2040602022;34365;3701453
MA;7;Deputado Estadual;15789;JOSÉ ROBERTO COSTA SANTOS;ROBERTO COSTA;MDB;MDB;1;Eleito;2022-10-03 03:11:03;MA;100001606627;Válido;2040602022;34156;3701453
MA;7;Deputado Estadual;51456;ALAN DOUGLAS DE OLIVEIRA;ALAN DA MARISSOL;PATRIOTA;PATRIOTA;1;Suplente;2022-10-03 03:11:03;MA;100001608135;Válido;2040602022;33164;3701453
MA;7;Deputado Estadual;11135;HELENA MARIA DUAILIBE FERREIRA;DRª HELENA DUAILIBE;PP;PP;1;Suplente;2022-10-03 03:11:03;MA;100001608103;Válido;2040602022;32823;3701453
MA;7;Deputado Estadual;12333;CHARLES FREDERICK MAIA FERNANDES;FRED MAIA;PDT;PDT;1;Suplente;2022-10-03 03:11:03;MA;100001599583;Válido;2040602022;31678;3701453
MA;7;Deputado Estadual;12222;CIRO EVANGELISTA DE SOUZA NETO;CIRO NETO;PDT;PDT;1;Suplente;2022-10-03 03:11:03;MA;100001599575;Válido;2040602022;30583;3701453
MA;7;Deputado Estadual;40240;HAMILTON NOGUEIRA ARAGÃO;MILTINHO ARAGÃO;PSB;PSB;1;Suplente;2022-10-03 03:11:03;MA;100001607080;Válido;2040602022;29337;3701453
MA;7;Deputado Estadual;65123;RICARDO TADEU RIBEIRO PEARCE;RICARDO RIOS;PC do B;PT / PV / PC do B;1;Eleito;2022-10-03 03:11:03;MA;100001613740;Válido;2040602022;29304;3701453
MA;7;Deputado Estadual;65777;JULIO CESAR MENDONCA CORREA;JÚLIO MENDONÇA;PC do B;PT / PV / PC do B;1;Eleito;2022-10-03 03:11:03;MA;100001613752;Válido;2040602022;29028;3701453
MA;7;Deputado Estadual;40111;MARCO AURELIO DA SILVA AZEVEDO;MARCO AURÉLIO;PSB;PSB;1;Suplente;2022-10-03 03:11:03;MA;100001607079;Válido;2040602022;28168;3701453
MA;7;Deputado Estadual;65000;ANA DE NAZARÉ PEREIRA SILVA MACEDO MENDONÇA;ANA DO GÁS;PC do B;PT / PV / PC do B;1;Eleito;2022-10-03 03:11:03;MA;100001613728;Válido;2040602022;27425;3701453
MA;7;Deputado Estadual;22222;MARCUS VINICIUS DE OLIVEIRA PEREIRA;VINICIUS LOURO;PL;PL;1;Suplente;2022-10-03 03:11:03;MA;100001603169;Válido;2040602022;26869;3701453
MA;7;Deputado Estadual;90000;MARCOS ANTONIO DE CARVALHO CALDAS;MARCOS CALDAS;PROS;PROS;1;Não Eleito;2022-10-03 03:11:03;MA;100001599551;Válido;2040602022;26697;3701453
MA;7;Deputado Estadual;12600;LUCIANO FERREIRA DE SOUSA;LUCIANO LEITOA;PDT;PDT;1;Suplente;2022-10-03 03:11:03;MA;100001724765;Válido;2040602022;26680;3701453
MA;7;Deputado Estadual;12111;THAIZA DE AGUIAR HORTEGAL;DRª THAIZA;PDT;PDT;1;Suplente;2022-10-03 03:11:03;MA;100001599581;Válido;2040602022;26670;3701453
MA;7;Deputado Estadual;10456;RENAN WAYNNE RÊGO REIS;RENAN WAYNNE - FILHO DA TERRA;REPUBLICANOS;REPUBLICANOS;1;Suplente;2022-10-03 03:11:03;MA;100001602648;Válido;2040602022;26282;3701453
MA;7;Deputado Estadual;13123;JOSÉ INACIO SODRÉ RODRIGUES;ZÉ INACIO;PT;PT / PV / PC do B;1;Suplente;2022-10-03 03:11:03;MA;100001613748;Válido;2040602022;25443;3701453
MA;7;Deputado Estadual;11456;LEONARDO SARMENTO PIRES DE SÁ;DR LEONARDO SÁ;PP;PP;1;Suplente;2022-10-03 03:11:03;MA;100001608102;Válido;2040602022;25280;3701453
MA;7;Deputado Estadual;19456;LEANDRO BELLO DE SÁ ROSAS COSTA;LEANDRO BELLO;PODE;PODE;1;Eleito;2022-10-03 03:11:03;MA;100001614815;Válido;2040602022;25064;3701453
MA;7;Deputado Estadual;19888;AUGUSTO INÁCIO PINHEIRO JUNIOR;JÚNIOR CASCARIA;PODE;PODE;1;Eleito;2022-10-03 03:11:03;MA;100001614806;Válido;2040602022;24910;3701453
MA;7;Deputado Estadual;20123;CARLOS WELLINGTON DE CASTRO BEZERRA;WELLINGTON DO CURSO;PSC;PSC;1;Eleito;2022-10-03 03:11:03;MA;100001620072;Válido;2040602022;24800;3701453
MA;7;Deputado Estadual;11333;MARIA DO SOCORRO ALMEIDA WAQUIM;PROFESSORA SOCORRO WAQUIM;PP;PP;1;Suplente;2022-10-03 03:11:03;MA;100001608088;Válido;2040602022;24580;3701453
MA;7;Deputado Estadual;43000;WENDELL LAUANDE FONSECA LAGES BARBOSA;WENDELL LAGES;PV;PT / PV / PC do B;1;Suplente;2022-10-03 03:11:03;MA;100001613729;Válido;2040602022;23183;3701453
MA;7;Deputado Estadual;43123;JOSÉ ADRIANO CORDEIRO SARNEY;ADRIANO SARNEY;PV;PT / PV / PC do B;1;Suplente;2022-10-03 03:11:03;MA;100001613730;Válido;2040602022;22491;3701453
MA;7;Deputado Estadual;11123;FABIO HENRIQUE RAMOS BRAGA;FABIO BRAGA;PP;PP;1;Suplente;2022-10-03 03:11:03;MA;100001608086;Válido;2040602022;21950;3701453
MA;7;Deputado Estadual;55333;PEDRO HENRIQUE PITOMBEIRA NERES;PEDRO NERES;PSD;PSD;1;Suplente;2022-10-03 03:11:03;MA;100001607116;Válido;2040602022;20903;3701453
MA;7;Deputado Estadual;19123;JOSÉ BENEDITO PINTO;JOTA PINTO;PODE;PODE;1;Suplente;2022-10-03 03:11:03;MA;100001614800;Válido;2040602022;20264;3701453
MA;7;Deputado Estadual;19999;VALERIA MARIA SANTOS MACEDO;VALERIA MACEDO;PODE;PODE;1;Suplente;2022-10-03 03:11:03;MA;100001614805;Válido;2040602022;19900;3701453
MA;7;Deputado Estadual;11789;ROGERIO RODRIGUES LIMA;ROGERIO CAFETEIRA;PP;PP;1;Suplente;2022-10-03 03:11:03;MA;100001608101;Válido;2040602022;19706;3701453
MA;7;Deputado Estadual;55222;RICARDO SEIDEL GUIMARÃES;RICARDO SEIDEL;PSD;PSD;1;Suplente;2022-10-03 03:11:03;MA;100001607107;Válido;2040602022;19554;3701453
MA;7;Deputado Estadual;13333;CRICIELLE AGUIAR MUNIZ;CRICIELLE;PT;PT / PV / PC do B;1;Suplente;2022-10-03 03:11:03;MA;100001613749;Válido;2040602022;18927;3701453
MA;7;Deputado Estadual;20222;VALDECY VIEIRA JUNIOR;JUNIOR VIEIRA;PSC;PSC;1;Suplente;2022-10-03 03:11:03;MA;100001620096;Válido;2040602022;18677;3701453
MA;7;Deputado Estadual;15555;WEYKLEN COELHO TEIXEIRA;KEKE TEIXEIRA;MDB;MDB;1;Suplente;2022-10-03 03:11:03;MA;100001606605;Válido;2040602022;18436;3701453
MA;7;Deputado Estadual;15888;CICERO NECO MORAIS;CICIN;MDB;MDB;1;Suplente;2022-10-03 03:11:03;MA;100001606618;Válido;2040602022;17037;3701453
MA;7;Deputado Estadual;19789;ENOS HENRIQUE NOGUEIRA FERREIRA;ENOS COSTA FERREIRA;PODE;PODE;1;Suplente;2022-10-03 03:11:03;MA;100001614796;Válido;2040602022;16839;3701453
MA;7;Deputado Estadual;19000;CLEOMAR TEMA CARVALHO CUNHA;TEMA  CUNHA;PODE;PODE;1;Suplente;2022-10-03 03:11:03;MA;100001614794;Válido;2040602022;16179;3701453
MA;7;Deputado Estadual;15500;MARLEIDY DO NASCIMENTO BERNABE;MARLEIDY BERNABÉ;MDB;MDB;1;Suplente;2022-10-03 03:11:03;MA;100001606620;Válido;2040602022;15636;3701453
MA;7;Deputado Estadual;13128;AURELIO GOMES DA SILVA;AURELIO GOMES;PT;PT / PV / PC do B;1;Suplente;2022-10-03 03:11:03;MA;100001613724;Válido;2040602022;15085;3701453
MA;7;Deputado Estadual;19678;RAIMUNDO SOARES CUTRIM;RAIMUNDO CUTRIM;PODE;PODE;1;Suplente;2022-10-03 03:11:03;MA;100001614807;Válido;2040602022;14429;3701453
MA;7;Deputado Estadual;13400;FRANCISCO GONÇALVES DA CONCEIÇÃO;CHICO COLETIVO GUARNICÊ;PT;PT / PV / PC do B;1;Suplente;2022-10-03 03:11:03;MA;100001613737;Válido;2040602022;14296;3701453
MA;7;Deputado Estadual;22777;ROSÂNGELA MARIA PEREIRA VIDAL OLIVEIRA;ROSÂNGELA VIDAL;PL;PL;1;Suplente;2022-10-03 03:11:03;MA;100001603176;Válido;2040602022;13867;3701453
MA;7;Deputado Estadual;19555;MARCIAL LIMA DE ARRUDA;MARCIAL LIMA;PODE;PODE;1;Suplente;2022-10-03 03:11:03;MA;100001614802;Válido;2040602022;13652;3701453
MA;7;Deputado Estadual;19223;PENALDON JORGE RIBEIRO MOREIRA FILHO;PENALDINHO;PODE;PODE;1;Suplente;2022-10-03 03:11:03;MA;100001614798;Válido;2040602022;13364;3701453
MA;7;Deputado Estadual;13013;LUIS HENRIQUE SILVA DE SOUSA;LUIZ HENRIQUE LULA;PT;PT / PV / PC do B;1;Suplente;2022-10-03 03:11:03;MA;100001613739;Válido;2040602022;12784;3701453
MA;7;Deputado Estadual;51777;SERGIO RICARDO DE ALBUQUERQUE BOGEA;SERGIO ALBUQUERQUE;PATRIOTA;PATRIOTA;1;Suplente;2022-10-03 03:11:03;MA;100001608125;Válido;2040602022;12351;3701453
MA;7;Deputado Estadual;12000;FRANCISCO DE JESUS SILVA;CHICO MIGUEL;PDT;PDT;1;Suplente;2022-10-03 03:11:03;MA;100001599574;Válido;2040602022;12088;3701453
MA;7;Deputado Estadual;15123;MARCIO AUGUSTO VASCONCELOS COUTINHO;MARCIO COUTINHO;MDB;MDB;1;Suplente;2022-10-03 03:11:03;MA;100001606616;Válido;2040602022;11947;3701453
MA;7;Deputado Estadual;10123;JESUINO CORDEIRO MENDES JUNIOR;JUNIOR VERDE ;REPUBLICANOS;REPUBLICANOS;1;Suplente;2022-10-03 03:11:03;MA;100001602646;Válido;2040602022;11822;3701453
MA;7;Deputado Estadual;15156;HORMANN SCHNNEYDER ALMEIDA DA SILVA;SCHNNEYDER;MDB;MDB;1;Suplente;2022-10-03 03:11:03;MA;100001606613;Válido;2040602022;11795;3701453
MA;7;Deputado Estadual;15266;MANOEL NUNES RIBEIRO FILHO;MANOEL RIBEIRO;MDB;MDB;1;Suplente;2022-10-03 03:11:03;MA;100001606615;Válido;2040602022;10918;3701453
MA;7;Deputado Estadual;65222;MARCELO ASSAD DOS SANTOS;MARCELO POETA;PC do B;PT / PV / PC do B;1;Suplente;2022-10-03 03:11:03;MA;100001613742;Válido;2040602022;10860;3701453
MA;7;Deputado Estadual;22022;FILIPE ARNON MARQUES TAVARES;FILIPE ARNON;PL;PL;1;Suplente;2022-10-03 03:11:03;MA;100001603161;Válido;2040602022;9770;3701453
MA;7;Deputado Estadual;28789;JULIANO DA CRUZ MENDES SOARES;JULIANO SOARES;PRTB;PRTB;1;Não Eleito;2022-10-03 03:11:03;MA;100001675687;Válido;2040602022;9395;3701453
MA;7;Deputado Estadual;20456;ALEXANDRE HENRIQUE RIOS LEITE;SOLDADO LEITE;PSC;PSC;1;Suplente;2022-10-03 03:11:03;MA;100001620069;Válido;2040602022;9347;3701453
MA;7;Deputado Estadual;15678;CAROLINA RAISSA DE MENEZES ARAÚJO COSTA;CAROL COSTA;MDB;MDB;1;Suplente;2022-10-03 03:11:03;MA;100001606607;Válido;2040602022;8471;3701453
MA;7;Deputado Estadual;20200;EDUARDO BEZERRA ANDRADE;EDU ANDRADE;PSC;PSC;1;Suplente;2022-10-03 03:11:03;MA;100001620077;Válido;2040602022;8007;3701453
MA;7;Deputado Estadual;20333;RICARDO JORGE MURAD;RICARDO MURAD;PSC;PSC;1;Suplente;2022-10-03 03:11:03;MA;100001620093;Válido;2040602022;7902;3701453
MA;7;Deputado Estadual;13258;RAIMUNDO NONATO COSTA OLIVEIRA;RAIMUNDO OLIVEIRA ;PT;PT / PV / PC do B;1;Suplente;2022-10-03 03:11:03;MA;100001613726;Válido;2040602022;7567;3701453
MA;7;Deputado Estadual;22333;MANOEL JARDIM GOMES;CANETA AZUL;PL;PL;1;Suplente;2022-10-03 03:11:03;MA;100001603164;Válido;2040602022;7543;3701453
MA;7;Deputado Estadual;20020;DANIEL VIEIRA DE LIMA;PASTOR DANIEL VIEIRA;PSC;PSC;1;Suplente;2022-10-03 03:11:03;MA;100001620075;Válido;2040602022;7531;3701453
MA;7;Deputado Estadual;45123;MATHEUS MOTA GONÇALO;MATHEUS MOTA;PSDB;CIDADANIA / PSDB;1;Não Eleito;2022-10-03 03:11:03;MA;100001619970;Válido;2040602022;7221;3701453
MA;7;Deputado Estadual;90789;FERNANDO ANTONIO VICENTE DOS SANTOS;FERNANDO IPIRANGA;PROS;PROS;1;Não Eleito;2022-10-03 03:11:03;MA;100001599540;Válido;2040602022;7196;3701453
MA;7;Deputado Estadual;55789;DALTON HUGOLINO ARRUDA DE SOUSA;DALTON ARRUDA;PSD;PSD;1;Suplente;2022-10-03 03:11:03;MA;100001607098;Válido;2040602022;7189;3701453
MA;7;Deputado Estadual;90333;SERGIO RICARDO OLIVEIRA VIEIRA;SERGIO VIEIRA ;PROS;PROS;1;Não Eleito;2022-10-03 03:11:03;MA;100001599569;Válido;2040602022;7049;3701453
MA;7;Deputado Estadual;55555;ELIAS FERREIRA DE HOLANDA JUNIOR;DR ELIAS HOLANDA;PSD;PSD;1;Suplente;2022-10-03 03:11:03;MA;100001607099;Válido;2040602022;5803;3701453
MA;7;Deputado Estadual;65555;MÁVIO MORAIS ROCHA;MÁVIO ROCHA;PC do B;PT / PV / PC do B;1;Suplente;2022-10-03 03:11:03;MA;100001613743;Válido;2040602022;5750;3701453
MA;7;Deputado Estadual;11777;JOSE SERGIO DELMIRO VALE;SERGIO DELMIRO;PP;PP;1;Suplente;2022-10-03 03:11:03;MA;100001608092;Válido;2040602022;5680;3701453
MA;7;Deputado Estadual;13100;GENILSON ROBERTO ALVES SILVA;GENILSON ALVES ;PT;PT / PV / PC do B;1;Suplente;2022-10-03 03:11:03;MA;100001613723;Válido;2040602022;5379;3701453
MA;7;Deputado Estadual;13000;CREUSAMAR DE PINHO;CREUZAMAR;PT;PT / PV / PC do B;1;Suplente;2022-10-03 03:11:03;MA;100001613750;Válido;2040602022;5320;3701453
MA;7;Deputado Estadual;28888;ALDO ROGERIO RIBEIRO FERREIRA;ALDO ROGÉRIO COLETIVO DO POVO;PRTB;PRTB;1;Não Eleito;2022-10-03 03:11:03;MA;100001675665;Válido;2040602022;5242;3701453
MA;7;Deputado Estadual;15222;BETEL SANTANA RODRIGUES;BETEL GOMES;MDB;MDB;1;Suplente;2022-10-03 03:11:03;MA;100001606617;Válido;2040602022;5069;3701453
MA;7;Deputado Estadual;13456;JOWBERTH FRANK ALVES DA SILVA;JOWBERTH ALVES;PT;PT / PV / PC do B;1;Suplente;2022-10-03 03:11:03;MA;100001613753;Válido;2040602022;4757;3701453
MA;7;Deputado Estadual;45000;GILVAN JOSÉ OLIVEIRA PEREIRA;GIL LOPES;PSDB;CIDADANIA / PSDB;1;Não Eleito;2022-10-03 03:11:03;MA;100001619968;Válido;2040602022;4651;3701453
MA;7;Deputado Estadual;44444;HILÁRIO RODRIGUES NETO;HILÁRIO NETO;UNIÃO;UNIÃO;1;Suplente;2022-10-03 03:11:03;MA;100001607485;Válido;2040602022;4646;3701453
MA;7;Deputado Estadual;22221;DORIVAL DA HORA AMORIM;MISSIONÁRIO AMORIM;PL;PL;1;Suplente;2022-10-03 03:11:03;MA;100001603188;Válido;2040602022;4527;3701453
MA;7;Deputado Estadual;11555;PAULO RENATO DA SILVA MARQUES;PAULO CAPOTE;PP;PP;1;Suplente;2022-10-03 03:11:03;MA;100001608096;Válido;2040602022;4262;3701453
MA;7;Deputado Estadual;10000;KARLA BATISTA CABRAL SOUZA;KARLA BATISTA;REPUBLICANOS;REPUBLICANOS;1;Suplente;2022-10-03 03:11:03;MA;100001602650;Válido;2040602022;4211;3701453
MA;7;Deputado Estadual;36000;PEDRO CANDIDO NETO;PR PEDRO CANDIDO;AGIR;AGIR;1;Não Eleito;2022-10-03 03:11:03;MA;100001689570;Válido;2040602022;4117;3701453
MA;7;Deputado Estadual;51111;SAMARA MENDES SOUSA PEREIRA;SAMARA MENDES;PATRIOTA;PATRIOTA;1;Suplente;2022-10-03 03:11:03;MA;100001608123;Válido;2040602022;4074;3701453
MA;7;Deputado Estadual;55690;CARLOS ALBERTO MIRANDA DA COSTA;IRMÃO CARLOS;PSD;PSD;1;Suplente;2022-10-03 03:11:03;MA;100001607096;Válido;2040602022;3902;3701453
MA;7;Deputado Estadual;15225;FELIPE DAYVISSON CARVALHO DA SILVA;FELIPE DE CHICÃO;MDB;MDB;1;Suplente;2022-10-03 03:11:03;MA;100001606612;Válido;2040602022;3837;3701453
MA;7;Deputado Estadual;15333;JERONIMO FERREIRA CAVALCANTE FILHO;JERONIMO;MDB;MDB;1;Suplente;2022-10-03 03:11:03;MA;100001606606;Válido;2040602022;3709;3701453
MA;7;Deputado Estadual;22225;FRANCISCO DE ASSIS MILHOMEM COELHO;CHICO COELHO;PL;PL;1;Suplente;2022-10-03 03:11:03;MA;100001603155;Válido;2040602022;3588;3701453
MA;7;Deputado Estadual;90444;JOAO JOSE PAVAO JUNIOR;DR JOÃO PAVÃO JUNIOR;PROS;PROS;1;Não Eleito;2022-10-03 03:11:03;MA;100001599545;Válido;2040602022;3279;3701453
MA;7;Deputado Estadual;51478;AMARILDO SALES DE ALMEIDA FILHO;AMARILDO FILHO;PATRIOTA;PATRIOTA;1;Suplente;2022-10-03 03:11:03;MA;100001608106;Válido;2040602022;3252;3701453
MA;7;Deputado Estadual;36999;MARLY ALVES COSTA;MARLY ALVES AMADINHA;AGIR;AGIR;1;Não Eleito;2022-10-03 03:11:03;MA;100001689565;Válido;2040602022;3109;3701453
MA;7;Deputado Estadual;19111;RAYMARA CARVALHO LIMA CRUZ;RAYMARA LIMA;PODE;PODE;1;Suplente;2022-10-03 03:11:03;MA;100001614803;Válido;2040602022;2915;3701453
MA;7;Deputado Estadual;20999;ANTONIO LOPES SILVA;NETIM SAUDE COLETIVO AVANÇAR;PSC;PSC;1;Suplente;2022-10-03 03:11:03;MA;100001620071;Válido;2040602022;2635;3701453
MA;7;Deputado Estadual;55510;EVANDO VIANA DE ARAUJO;EVANDO VIANA;PSD;PSD;1;Suplente;2022-10-03 03:11:03;MA;100001607100;Válido;2040602022;2565;3701453
MA;7;Deputado Estadual;90999;KARINA LEDA BORJAS;KARINA LEDA;PROS;PROS;1;Não Eleito;2022-10-03 03:11:03;MA;100001599546;Válido;2040602022;2449;3701453
MA;7;Deputado Estadual;15151;EDNALDO DARTAGNAN VERAS NEVES;EDNALDO NEVES;MDB;MDB;1;Suplente;2022-10-03 03:11:03;MA;100001606610;Válido;2040602022;2366;3701453
MA;7;Deputado Estadual;40369;DANIEL CID ALMEIDA MARTINS;DANIELZINHO DA FARMÁCIA;PSB;PSB;1;Suplente;2022-10-03 03:11:03;MA;100001607075;Válido;2040602022;2358;3701453
MA;7;Deputado Estadual;65180;LUCAS MORAES DE OLIVEIRA;LUCAS DO COLETIVO OCUPA;PC do B;PT / PV / PC do B;1;Suplente;2022-10-03 03:11:03;MA;100001613754;Válido;2040602022;2341;3701453
MA;7;Deputado Estadual;55444;MAURA ROGÉRIA RODRIGUES BARROSO SANTOS;MAURA BARROSO;PSD;PSD;1;Suplente;2022-10-03 03:11:03;MA;100001607112;Válido;2040602022;2310;3701453
MA;7;Deputado Estadual;44123;FRANCISCO DE ASSIS SANDES BRINGEL JUNIOR;CHIQUINHO BRINGEL;UNIÃO;UNIÃO;1;Suplente;2022-10-03 03:11:03;MA;100001607487;Válido;2040602022;2179;3701453
MA;7;Deputado Estadual;36122;MANOEL MACHADO DA PONTE NETO;NETO PONTES;AGIR;AGIR;1;Não Eleito;2022-10-03 03:11:03;MA;100001689560;Válido;2040602022;2170;3701453
MA;7;Deputado Estadual;20190;JOSE FREDERICO GOMES PEREIRA;CORONEL PEREIRA;PSC;PSC;1;Suplente;2022-10-03 03:11:03;MA;100001620083;Válido;2040602022;2166;3701453
MA;7;Deputado Estadual;36789;MARLENE DE ABREU MASCARENHAS MENDES;MARLENE MASCARENHAS;AGIR;AGIR;1;Não Eleito;2022-10-03 03:11:03;MA;100001689564;Válido;2040602022;2132;3701453
MA;7;Deputado Estadual;35555;JOSE FRANKLIN SEBA RODRIGUES;GUGU SEBA;PMB;PMB;1;Não Eleito;2022-10-03 03:11:03;MA;100001689717;Válido;2040602022;2113;3701453
MA;7;Deputado Estadual;23033;ANTONIO DO NASCIMENTO BATALHA;BATALHA DO POVO;CIDADANIA;CIDADANIA / PSDB;1;Não Eleito;2022-10-03 03:11:03;MA;100001619978;Válido;2040602022;2100;3701453
MA;7;Deputado Estadual;44456;DARIONILDO DA SILVA SAMPAIO;DARIO SAMPAIO;UNIÃO;UNIÃO;1;Suplente;2022-10-03 03:11:03;MA;100001607482;Válido;2040602022;2048;3701453
MA;7;Deputado Estadual;40100;ADROALDO JOSÉ SILVA ALMEIDA;PROF ADROALDO COLETIVO VAMOS;PSB;PSB;1;Suplente;2022-10-03 03:11:03;MA;100001607066;Válido;2040602022;2046;3701453
MA;7;Deputado Estadual;51022;FABIANA CRISTINA SILVA CUTRIM;FABIANA RAMADA;PATRIOTA;PATRIOTA;1;Suplente;2022-10-03 03:11:03;MA;100001608112;Válido;2040602022;1930;3701453
MA;7;Deputado Estadual;22133;DAVI ALVES SILVA JUNIOR;DAVI ALVES SILVA JUNIOR;PL;PL;1;Suplente;2022-10-03 03:11:03;MA;100001603157;Válido;2040602022;1927;3701453
MA;7;Deputado Estadual;20022;DANIEL DE JESUS COSTA BRANDAO;DANIEL BRANDÃO;PSC;PSC;1;Suplente;2022-10-03 03:11:03;MA;100001620074;Válido;2040602022;1927;3701453
MA;7;Deputado Estadual;12777;ELISOMAR SOUSA ABRANTES;ABRANTES;PDT;PDT;1;Suplente;2022-10-03 03:11:03;MA;100001599586;Válido;2040602022;1888;3701453
MA;7;Deputado Estadual;20555;MARCIO LOBO LIMA;MARCIO GAIDO;PSC;PSC;1;Suplente;2022-10-03 03:11:03;MA;100001620087;Válido;2040602022;1873;3701453
MA;7;Deputado Estadual;20444;ALEXSANDRO PINHEIRO VASCONCELOS;ALEX VASCONCELOS;PSC;PSC;1;Suplente;2022-10-03 03:11:03;MA;100001620070;Válido;2040602022;1854;3701453
MA;7;Deputado Estadual;12444;ALAYNA DE ARAUJO ROCHA SOUZA;COLETIVO_ ENFERMAGEM_ALAYNA;PDT;PDT;1;Suplente;2022-10-03 03:11:03;MA;100001599592;Válido;2040602022;1821;3701453
MA;7;Deputado Estadual;65111;MARIA DE CÁSSIA PEREIRA;PROFESSORA CÁSSIA;PC do B;PT / PV / PC do B;1;Suplente;2022-10-03 03:11:03;MA;100001613751;Válido;2040602022;1786;3701453
MA;7;Deputado Estadual;22456;MOISES FELIX DE ARAUJO;BEM-TI-VI ARAUJO;PL;PL;1;Suplente;2022-10-03 03:11:03;MA;100001603153;Válido;2040602022;1779;3701453
MA;7;Deputado Estadual;12022;FRANCISCO DAS CHAGAS RAMOS VIEIRA;DANILO;PDT;PDT;1;Suplente;2022-10-03 03:11:03;MA;100001599578;Válido;2040602022;1762;3701453
MA;7;Deputado Estadual;10333;OSEAS DE PAULA VIANA COSTA;OSEAS DE PAULA ;REPUBLICANOS;REPUBLICANOS;1;Suplente;2022-10-03 03:11:03;MA;100001602652;Válido;2040602022;1720;3701453
MA;7;Deputado Estadual;20852;JOSIMAR DE FRANCA RIBEIRO;ENFERMEIRO SARGENTO JOSIMAR;PSC;PSC;1;Suplente;2022-10-03 03:11:03;MA;100001620085;Válido;2040602022;1677;3701453
MA;7;Deputado Estadual;15015;PABLO RICARDO FERNANDES DA SILVA AMODEO;PABLO DA SAÚDE-SOMOS MARANHÃO;MDB;MDB;1;Suplente;2022-10-03 03:11:03;MA;100001606623;Válido;2040602022;1600;3701453
MA;7;Deputado Estadual;15122;LAZARO BATISTA PINTO SANTOS;PASTOR LAZARO;MDB;MDB;1;Suplente;2022-10-03 03:11:03;MA;100001606614;Válido;2040602022;1531;3701453
MA;7;Deputado Estadual;36555;EDILSON DA CONCEICAO;AMADO EDILSON;AGIR;AGIR;1;Não Eleito;2022-10-03 03:11:03;MA;100001689544;Válido;2040602022;1527;3701453
MA;7;Deputado Estadual;51555;CIRO NUNES ALVES DA SILVA;COLETIVO PMBM TC CIRO;PATRIOTA;PATRIOTA;1;Suplente;2022-10-03 03:11:03;MA;100001608122;Válido;2040602022;1505;3701453
MA;7;Deputado Estadual;12121;FABIANO CAVALCANTE DE OLIVEIRA;PROFESSOR CAVALCANTE;PDT;PDT;1;Suplente;2022-10-03 03:11:03;MA;100001599584;Válido;2040602022;1467;3701453
MA;7;Deputado Estadual;44125;CLAUDIA MELO LIMA;CLAUDIA MELO;UNIÃO;UNIÃO;1;Suplente;2022-10-03 03:11:03;MA;100001607488;Válido;2040602022;1445;3701453
MA;7;Deputado Estadual;16123;DANIEL PAVAO ROCHA;DANIEL PAVÃO;PSTU;PSTU;1;Não Eleito;2022-10-03 03:11:03;MA;100001600019;Válido;2040602022;1423;3701453
MA;7;Deputado Estadual;35777;ALCINO SILVA DAVEMPORT;MC ALCINO;PMB;PMB;1;Não Eleito;2022-10-03 03:11:03;MA;100001689722;Válido;2040602022;1420;3701453
MA;7;Deputado Estadual;50513;CARLOS EDUARDO MARQUES MENDES;CADU MARQUES;PSOL;REDE / PSOL;1;Não Eleito;2022-10-03 03:11:03;MA;100001713953;Válido;2040602022;1417;3701453
MA;7;Deputado Estadual;20100;VALTER ELOI CANTANHEDE JUNIOR;VALTER CANTANHEDE;PSC;PSC;1;Suplente;2022-10-03 03:11:03;MA;100001620097;Válido;2040602022;1378;3701453
MA;7;Deputado Estadual;51888;BENEDITO DE LIMA;PEDRO DA PRAÇA;PATRIOTA;PATRIOTA;1;Suplente;2022-10-03 03:11:03;MA;100001608105;Válido;2040602022;1362;3701453
MA;7;Deputado Estadual;36444;GEORGE HENRIQUE OLIVEIRA LUNA;CORONEL LUNA;AGIR;AGIR;1;Não Eleito;2022-10-03 03:11:03;MA;100001689549;Válido;2040602022;1362;3701453
MA;7;Deputado Estadual;43433;ALONSO DE JESUS CHAGAS;ALONSO DA AGRICULTURA;PV;PT / PV / PC do B;1;Suplente;2022-10-03 03:11:03;MA;100001613733;Válido;2040602022;1249;3701453
MA;7;Deputado Estadual;28190;ELIEZIO RIBEIRO DE SOUZA;SARGENTO ELIEZIO;PRTB;PRTB;1;Não Eleito;2022-10-03 03:11:03;MA;100001675663;Válido;2040602022;1247;3701453
MA;7;Deputado Estadual;28555;ALBERLUCE DE JESUS FURTADO DURANS;LUCE COLETIVO MULHERES EM AÇÃO;PRTB;PRTB;1;Não Eleito;2022-10-03 03:11:03;MA;100001675662;Válido;2040602022;1226;3701453
MA;7;Deputado Estadual;15234;EDMILSON CRUZ VAZ;EDMILSON VAZ;MDB;MDB;1;Suplente;2022-10-03 03:11:03;MA;100001606609;Válido;2040602022;1207;3701453
MA;7;Deputado Estadual;36777;CICERO CELIO DA SILVA;CÉLIO REI DO CAVALO;AGIR;AGIR;1;Não Eleito;2022-10-03 03:11:03;MA;100001689539;Válido;2040602022;1196;3701453
MA;7;Deputado Estadual;36234;CARLOS AMÉRICO DE OLIVEIRA;PROF CARLÃO AMÉRICO;AGIR;AGIR;1;Não Eleito;2022-10-03 03:11:03;MA;100001689538;Válido;2040602022;1181;3701453
MA;7;Deputado Estadual;40777;ISABELLE PASSINHO DA SILVA;ISABELLE PASSINHO;PSB;PSB;1;Suplente;2022-10-03 03:11:03;MA;100001607082;Válido;2040602022;1150;3701453
MA;7;Deputado Estadual;36036;EDEMOR COELHO OLIVEIRA DE SOUSA;DR EDEMOR COELHO;AGIR;AGIR;1;Não Eleito;2022-10-03 03:11:03;MA;100001689543;Válido;2040602022;1133;3701453
MA;7;Deputado Estadual;55000;FERNANDA KATHERINE AZEVEDO GUERREIRO MOTA;FERNANDA GUERREIRO;PSD;PSD;1;Suplente;2022-10-03 03:11:03;MA;100001607122;Válido;2040602022;1131;3701453
MA;7;Deputado Estadual;20321;DIOGO AVILA SILVA;DIOGO AVILA;PSC;PSC;1;Suplente;2022-10-03 03:11:03;MA;100001620076;Válido;2040602022;1101;3701453
MA;7;Deputado Estadual;51123;LOURIVAL DE LIMA SILVA;DR LOURIVAL LIMA;PATRIOTA;PATRIOTA;1;Suplente;2022-10-03 03:11:03;MA;100001608130;Válido;2040602022;1098;3701453
MA;7;Deputado Estadual;55321;MAURÍCIO CÉSAR GOLTZMAN ALVES;MAURÍCIO GOLTZMAN;PSD;PSD;1;Suplente;2022-10-03 03:11:03;MA;100001607104;Válido;2040602022;1059;3701453
MA;7;Deputado Estadual;20147;ERIONALDO COELHO BARBOSA;NALDINHO;PSC;PSC;1;Suplente;2022-10-03 03:11:03;MA;100001620078;Válido;2040602022;1057;3701453
MA;7;Deputado Estadual;43333;MARIA ANTÔNIA PINTO CUTRIM SOUSA;ANTÔNIA CUTRIM;PV;PT / PV / PC do B;1;Suplente;2022-10-03 03:11:03;MA;100001613747;Válido;2040602022;1052;3701453
MA;7;Deputado Estadual;36700;JOABE DA SILVA RODRIGUES SOUSA;JOABE RODRIGUES;AGIR;AGIR;1;Não Eleito;2022-10-03 03:11:03;MA;100001689553;Válido;2040602022;1030;3701453
MA;7;Deputado Estadual;51051;MARCELO AUGUSTO BRINGEL LEITE;MARCELO BRINGEL;PATRIOTA;PATRIOTA;1;Suplente;2022-10-03 03:11:03;MA;100001608128;Válido;2040602022;1005;3701453
MA;7;Deputado Estadual;90190;ANTONIO MARKUS DA SILVA LIMA;CORONEL MARKUS;PROS;PROS;1;Não Eleito;2022-10-03 03:11:03;MA;100001599550;Válido;2040602022;994;3701453
MA;7;Deputado Estadual;36013;JARDEL MEDEIROS BRITO;JARDEL MEDEIROS;AGIR;AGIR;1;Não Eleito;2022-10-03 03:11:03;MA;100001689551;Válido;2040602022;992;3701453
MA;7;Deputado Estadual;28678;WALTERVIR MOURA MATOS;SARGENTO WALTERVIR;PRTB;PRTB;1;Não Eleito;2022-10-03 03:11:03;MA;100001675672;Válido;2040602022;979;3701453
MA;7;Deputado Estadual;20789;SONIA MARIA ALVES SOUSA;DR SONIA SOUSA;PSC;PSC;1;Suplente;2022-10-03 03:11:03;MA;100001620095;Válido;2040602022;973;3701453
MA;7;Deputado Estadual;36123;RAFAEL PEROTI LIMA;RAFAEL PEROTI;AGIR;AGIR;1;Não Eleito;2022-10-03 03:11:03;MA;100001689571;Válido;2040602022;968;3701453
MA;7;Deputado Estadual;55007;JAMES FERNANDES GARCÊS;JAMES ONDA;PSD;PSD;1;Suplente;2022-10-03 03:11:03;MA;100001607095;Válido;2040602022;963;3701453
MA;7;Deputado Estadual;15456;SININGER VIDAL DE OLIVEIRA NETO;SININGER VIDAL DE MADUREIRA;MDB;MDB;1;Suplente;2022-10-03 03:11:03;MA;100001606626;Válido;2040602022;943;3701453
MA;7;Deputado Estadual;22559;MAGNA PACHECO COSTA;MEG PACHECO;PL;PL;1;Suplente;2022-10-03 03:11:03;MA;100001603163;Válido;2040602022;935;3701453
MA;7;Deputado Estadual;65333;LINDALVA SERRA BARROS;COMPANHEIRA LINDALVA;PC do B;PT / PV / PC do B;1;Suplente;2022-10-03 03:11:03;MA;100001613746;Válido;2040602022;932;3701453
MA;7;Deputado Estadual;22500;JOSÉ FERNANDO FERREIRA DA SILVA;FERNANDO CRENTE;PL;PL;1;Suplente;2022-10-03 03:11:03;MA;100001603178;Válido;2040602022;911;3701453
MA;7;Deputado Estadual;55055;MARCELA SOARES MOUZINHO DA SILVA;CAPITÃ MARCELA MOUZINHO;PSD;PSD;1;Suplente;2022-10-03 03:11:03;MA;100001641228;Válido;2040602022;890;3701453
MA;7;Deputado Estadual;22220;ANA BEATRIZ DOS SANTOS VIEIRA;BEATRIZ VIEIRA;PL;PL;1;Suplente;2022-10-03 03:11:03;MA;100001603154;Válido;2040602022;889;3701453
MA;7;Deputado Estadual;44222;MARCELLO SOARES SANTOS;CORONEL MARCELLO;UNIÃO;UNIÃO;1;Suplente;2022-10-03 03:11:03;MA;100001607483;Válido;2040602022;882;3701453
MA;7;Deputado Estadual;28001;FRANCINALDO FERREIRA DOS SANTOS;NENÉM DO POVÃO;PRTB;PRTB;1;Não Eleito;2022-10-03 03:11:03;MA;100001675673;Válido;2040602022;873;3701453
MA;7;Deputado Estadual;14111;JOAO ADONIAS DIAS REIS;CABO DIAS;PTB;PTB;1;Não Eleito;2022-10-03 03:11:03;MA;100001648824;Válido;2040602022;858;3701453
MA;7;Deputado Estadual;36333;LINDAURA CARDOSO LUCENA;LINDAURA LUCENA;AGIR;AGIR;1;Não Eleito;2022-10-03 03:11:03;MA;100001689558;Válido;2040602022;846;3701453
MA;7;Deputado Estadual;22888;FRANCISCO DA SILVA CARDOSO;NETO CARDOSO;PL;PL;1;Suplente;2022-10-03 03:11:03;MA;100001603151;Válido;2040602022;839;3701453
MA;7;Deputado Estadual;90200;ALCI MÁRIO DE JESUS SOUZA COSTA;COMANDANTE ALCI MÁRIO;PROS;PROS;1;Não Eleito;2022-10-03 03:11:03;MA;100001599561;Válido;2040602022;830;3701453
MA;7;Deputado Estadual;15115;EUZEBIO LESSA ATAÍDE;NEBE TERRA;MDB;MDB;1;Suplente;2022-10-03 03:11:03;MA;100001606611;Válido;2040602022;830;3701453
MA;7;Deputado Estadual;55111;LINDERLÉA LOPES SOUSA;LÉA LOPES;PSD;PSD;1;Suplente;2022-10-03 03:11:03;MA;100001607111;Válido;2040602022;827;3701453
MA;7;Deputado Estadual;19222;DENNISON RODRIGO OLIVEIRA SODRÉ;DENNISON  SODRÉ;PODE;PODE;1;Suplente;2022-10-03 03:11:03;MA;100001614811;Válido;2040602022;820;3701453
MA;7;Deputado Estadual;90123;URIARLE LIMA CAMPOS;URIARLE CAMPOS;PROS;PROS;1;Não Eleito;2022-10-03 03:11:03;MA;100001599552;Válido;2040602022;817;3701453
MA;7;Deputado Estadual;10555;WELLINGTON LUIS MORAES DE ALBUQUERQUE;JAIRZINHO FILHO;REPUBLICANOS;REPUBLICANOS;1;Suplente;2022-10-03 03:11:03;MA;100001602649;Válido;2040602022;803;3701453
MA;7;Deputado Estadual;14222;CLAUDIO ROGERIO SILVA RAPOSO;RAPOSAO;PTB;PTB;1;Não Eleito;2022-10-03 03:11:03;MA;100001648823;Válido;2040602022;772;3701453
MA;7;Deputado Estadual;22700;FABIO LUIS SANTOS LISBOA;FABIO LISBOA;PL;PL;1;Suplente;2022-10-03 03:11:03;MA;100001603160;Válido;2040602022;771;3701453
MA;7;Deputado Estadual;22252;ANA CATHARINE MELO SEKEFF;ANA MELO;PL;PL;1;Suplente;2022-10-03 03:11:03;MA;100001603182;Válido;2040602022;757;3701453
MA;7;Deputado Estadual;13613;PAULO ROMÃO MEIRELES NETO;PAULO ROMÃO;PT;PT / PV / PC do B;1;Suplente;2022-10-03 03:11:03;MA;100001613727;Válido;2040602022;749;3701453
MA;7;Deputado Estadual;45145;MARIA APARECIDA PINTO PEREIRA;CIDA SOL PROTETORA;PSDB;CIDADANIA / PSDB;1;Não Eleito;2022-10-03 03:11:03;MA;100001619964;Válido;2040602022;746;3701453
MA;7;Deputado Estadual;40555;DEUSIMAR DO NASCIMENTO SÁ;DEUSIMAR NASCIMENTO;PSB;PSB;1;Suplente;2022-10-03 03:11:03;MA;100001607068;Válido;2040602022;738;3701453
MA;7;Deputado Estadual;51100;DIEGO ANDRETTE LIMA JACINTO;DIEGO TWO;PATRIOTA;PATRIOTA;1;Suplente;2022-10-03 03:11:03;MA;100001608136;Válido;2040602022;720;3701453
MA;7;Deputado Estadual;36226;FELIX ANTONIO FERREIRA;FELIX DA REVELAÇÃO;AGIR;AGIR;1;Não Eleito;2022-10-03 03:11:03;MA;100001689547;Válido;2040602022;689;3701453
MA;7;Deputado Estadual;55777;JOSUELTON DIAS DE AROUCHE;JOSUE DIAS;PSD;PSD;1;Suplente;2022-10-03 03:11:03;MA;100001607102;Válido;2040602022;675;3701453
MA;7;Deputado Estadual;12999;FLAVIO DA SILVA BARBOSA;FLAVIO BGN;PDT;PDT;1;Suplente;2022-10-03 03:11:03;MA;100001599588;Válido;2040602022;673;3701453
MA;7;Deputado Estadual;22180;JOÃO JOSÉ PEREIRA DOS SANTOS;J, J, PEREIRA;PL;PL;1;Suplente;2022-10-03 03:11:03;MA;100001603179;Válido;2040602022;670;3701453
MA;7;Deputado Estadual;50000;ODIVIO DA SILVA REZENDE NETO;PROF ODIVIO NETTO;PSOL;REDE / PSOL;1;Não Eleito;2022-10-03 03:11:03;MA;100001713939;Válido;2040602022;664;3701453
MA;7;Deputado Estadual;28345;LAURILENE MADEIRA BATISTA;LAURINHA COLETIVO MULHERTEMVOZ;PRTB;PRTB;1;Não Eleito;2022-10-03 03:11:03;MA;100001675683;Válido;2040602022;638;3701453
MA;7;Deputado Estadual;28456;RAIMUNDO CONSTANCIO CASTRO DA HORA;SGT DA HORA ;PRTB;PRTB;1;Não Eleito;2022-10-03 03:11:03;MA;100001675679;Válido;2040602022;623;3701453
MA;7;Deputado Estadual;28444;JOSE PEREIRA GOMES DE OLIVEIRA;JOSÉ PEREIRA;PRTB;PRTB;1;Não Eleito;2022-10-03 03:11:03;MA;100001675677;Válido;2040602022;620;3701453
MA;7;Deputado Estadual;45678;ADENÓLIA PIRES SILVA RIBEIRO;ADENÓLIA;PSDB;CIDADANIA / PSDB;1;Não Eleito;2022-10-03 03:11:03;MA;100001619971;Válido;2040602022;620;3701453
MA;7;Deputado Estadual;10110;WAGNER CARLOS SILVA;WAGNER SILVA ;REPUBLICANOS;REPUBLICANOS;1;Suplente;2022-10-03 03:11:03;MA;100001602656;Válido;2040602022;618;3701453
MA;7;Deputado Estadual;28123;LENILTON DA SILVA OLIVEIRA;LENILTON OLIVEIRA;PRTB;PRTB;1;Não Eleito;2022-10-03 03:11:03;MA;100001675680;Válido;2040602022;613;3701453
MA;7;Deputado Estadual;55888;FAGNER SOUSA NASCIMENTO;FAGNER SOUSA;PSD;PSD;1;Suplente;2022-10-03 03:11:03;MA;100001607101;Válido;2040602022;611;3701453
MA;7;Deputado Estadual;15656;IRANEIDE DE ALBUQUERQUE CARVALHO;DRA NEIDE CARVALHO;MDB;MDB;1;Suplente;2022-10-03 03:11:03;MA;100001606619;Válido;2040602022;606;3701453
MA;7;Deputado Estadual;51515;FIRMINO MARQUES DA SILVA NETO;FIRMINO MARQUES;PATRIOTA;PATRIOTA;1;Suplente;2022-10-03 03:11:03;MA;100001608113;Válido;2040602022;598;3701453
MA;7;Deputado Estadual;16116;CLAUDIONICE ALVES DURANS;NICINHA DURANS;PSTU;PSTU;1;Não Eleito;2022-10-03 03:11:03;MA;100001600023;Válido;2040602022;597;3701453
MA;7;Deputado Estadual;65651;VANDA MARIA SOUSA ROCHA;PROFA, VANDA ROCHA;PC do B;PT / PV / PC do B;1;Suplente;2022-10-03 03:11:03;MA;100001613744;Válido;2040602022;594;3701453
MA;7;Deputado Estadual;22223;JOÃO BATISTA PESTANA SOARES;PASTOR BATTISTA SOAREZ;PL;PL;1;Suplente;2022-10-03 03:11:03;MA;100001603173;Válido;2040602022;593;3701453
MA;7;Deputado Estadual;55550;JACQUES DOUGLAS OLIVEIRA ARANHA;PROF, JACQUES ARANHA;PSD;PSD;1;Suplente;2022-10-03 03:11:03;MA;100001607094;Válido;2040602022;591;3701453
MA;7;Deputado Estadual;40122;JOANA NUNES PINHEIRO;JOANEYDE DO SINDICATO;PSB;PSB;1;Suplente;2022-10-03 03:11:03;MA;100001607067;Válido;2040602022;573;3701453
MA;7;Deputado Estadual;40012;ESTEFANIO SOUZA CASTRO;ESTEFANIO CASTRO;PSB;PSB;1;Suplente;2022-10-03 03:11:03;MA;100001607070;Válido;2040602022;573;3701453
MA;7;Deputado Estadual;40140;CARLOS AUGUSTO PINTO DINIZ;CARLOS PEIXEIRO;PSB;PSB;1;Suplente;2022-10-03 03:11:03;MA;100001607078;Válido;2040602022;558;3701453
MA;7;Deputado Estadual;45645;ALBERTINA SILVA ROCHA;DONA BEBEL;PSDB;CIDADANIA / PSDB;1;Não Eleito;2022-10-03 03:11:03;MA;100001619951;Válido;2040602022;555;3701453
MA;7;Deputado Estadual;13699;EVANDRO OLIVEIRA SIQUEIRA;EVANDRO SIQUEIRA DO PT;PT;PT / PV / PC do B;1;Suplente;2022-10-03 03:11:03;MA;100001613738;Válido;2040602022;555;3701453
MA;7;Deputado Estadual;90111;GLADSTON COSTA E SILVA;REPÓRTER PULIÇA;PROS;PROS;1;Não Eleito;2022-10-03 03:11:03;MA;100001599568;Válido;2040602022;545;3701453
MA;7;Deputado Estadual;23555;CARLOS FERNANDES FREIRE RODRIGUES;IRMÃO NANDO;CIDADANIA;CIDADANIA / PSDB;1;Não Eleito;2022-10-03 03:11:03;MA;100001619953;Válido;2040602022;544;3701453
MA;7;Deputado Estadual;23000;FABRIZIO HENRIQUE GOULART DO COUTO CORREA;FABRIZIO CORREA;CIDADANIA;CIDADANIA / PSDB;1;Não Eleito;2022-10-03 03:11:03;MA;100001619957;Válido;2040602022;540;3701453
MA;7;Deputado Estadual;20777;MARIO ANTONIO DOS SANTOS JUNIOR;MARIO DO TURISMO;PSC;PSC;1;Suplente;2022-10-03 03:11:03;MA;100001620092;Válido;2040602022;538;3701453
MA;7;Deputado Estadual;22556;PEDRO BARROS CARVALHO;PEDRO BARROS;PL;PL;1;Suplente;2022-10-03 03:11:03;MA;100001603168;Válido;2040602022;537;3701453
MA;7;Deputado Estadual;45045;MOSSANIEL CARLOS MENDES;MOCINHO DE PACAS;PSDB;CIDADANIA / PSDB;1;Não Eleito;2022-10-03 03:11:03;MA;100001619958;Válido;2040602022;519;3701453
MA;7;Deputado Estadual;36377;MARIA LIANDRO DA SILVA CUTRIM;PROFESSORA SIRLANY LIANDRO;AGIR;AGIR;1;Não Eleito;2022-10-03 03:11:03;MA;100001689563;Válido;2040602022;515;3701453
MA;7;Deputado Estadual;50123;GEOVANE DA SILVA LIMA;GEOVANE LIMA;PSOL;REDE / PSOL;1;Não Eleito;2022-10-03 03:11:03;MA;100001713959;Válido;2040602022;512;3701453
MA;7;Deputado Estadual;90555;CLEONER UCHOA ARAUJO;CLEONER;PROS;PROS;1;Não Eleito;2022-10-03 03:11:03;MA;100001599553;Válido;2040602022;508;3701453
MA;7;Deputado Estadual;22188;MELISSA COSTA CLAUDINO SILVA;MELISSA CLAUDINO;PL;PL;1;Suplente;2022-10-03 03:11:03;MA;100001603165;Válido;2040602022;499;3701453
MA;7;Deputado Estadual;28800;RAIMUNDO JOSE MENDES FILHO;FILHO COQUEIRO;PRTB;PRTB;1;Não Eleito;2022-10-03 03:11:03;MA;100001675684;Válido;2040602022;491;3701453
MA;7;Deputado Estadual;22445;GLAUDIANO LINHARES LOPES;GLAUDIANO CARDOSO;PL;PL;1;Suplente;2022-10-03 03:11:03;MA;100001603162;Válido;2040602022;487;3701453
MA;7;Deputado Estadual;55121;PATRIK CAMPOS DE JESUS;BAIKO ILUMINADO;PSD;PSD;1;Suplente;2022-10-03 03:11:03;MA;100001607105;Válido;2040602022;483;3701453
MA;7;Deputado Estadual;14123;EZIO ROGERIO SANTOS CORREIA;EZIO ROGERIO;PTB;PTB;1;Não Eleito;2022-10-03 03:11:03;MA;100001648820;Válido;2040602022;479;3701453
MA;7;Deputado Estadual;51789;MARIA DA CONCEIÇÃO DE AGUIAR LOPES;PROFESSORA CONCEIÇÃO AGUIAR;PATRIOTA;PATRIOTA;1;Suplente;2022-10-03 03:11:03;MA;100001608127;Válido;2040602022;478;3701453
MA;7;Deputado Estadual;51027;PAULO SANTANA GALVÃO;DR PAULO ARTE;PATRIOTA;PATRIOTA;1;Suplente;2022-10-03 03:11:03;MA;100001608126;Válido;2040602022;475;3701453
MA;7;Deputado Estadual;36236;MAURICIO DANTES OLIVEIRA DE SANTANA;MAURICIO DANTES;AGIR;AGIR;1;Não Eleito;2022-10-03 03:11:03;MA;100001689566;Válido;2040602022;471;3701453
MA;7;Deputado Estadual;50050;LEONEL PEREIRA TORRES;PROF LEONEL;PSOL;REDE / PSOL;1;Não Eleito;2022-10-03 03:11:03;MA;100001713944;Válido;2040602022;467;3701453
MA;7;Deputado Estadual;55380;JULIO CESAR FONSÊCA PINTO;PROF, JULIO CÉSAR;PSD;PSD;1;Suplente;2022-10-03 03:11:03;MA;100001607115;Válido;2040602022;462;3701453
MA;7;Deputado Estadual;55700;FRANCISCO DAS CHAGAS LIMA MACEDO;CHAGUINHA MACEDO;PSD;PSD;1;Suplente;2022-10-03 03:11:03;MA;100001607125;Válido;2040602022;447;3701453
MA;7;Deputado Estadual;20888;CLAUDIO DE SOUSA RIBEIRO NETO;NETO DA OFICINA;PSC;PSC;1;Suplente;2022-10-03 03:11:03;MA;100001620100;Válido;2040602022;447;3701453
MA;7;Deputado Estadual;50444;EDNALDO PADILHA;EDINALDO CABEÇA;PSOL;REDE / PSOL;1;Não Eleito;2022-10-03 03:11:03;MA;100001713954;Válido;2040602022;445;3701453
MA;7;Deputado Estadual;90777;WELLIGTON MELO DA SILVA;PROFESSOR  BROTHER;PROS;PROS;1;Não Eleito;2022-10-03 03:11:03;MA;100001599538;Válido;2040602022;444;3701453
MA;7;Deputado Estadual;36222;MARCELO JOSE PORTO COSTA;MARCELO PORTO;AGIR;AGIR;1;Não Eleito;2022-10-03 03:11:03;MA;100001689561;Válido;2040602022;440;3701453
MA;7;Deputado Estadual;22100;FRANCINILTON BEZERRA GONÇALVES;NILTINHO BEZERRA;PL;PL;1;Suplente;2022-10-03 03:11:03;MA;100001603170;Válido;2040602022;435;3701453
MA;7;Deputado Estadual;28284;DEMOSTENES FERNANDES DE SENA;DEMOSTENES SENA BROWN;PRTB;PRTB;1;Não Eleito;2022-10-03 03:11:03;MA;100001675681;Válido;2040602022;432;3701453
MA;7;Deputado Estadual;36666;NERI DE SOUZA;NERI DE SOUZA;AGIR;AGIR;1;Não Eleito;2022-10-03 03:11:03;MA;100001689568;Válido;2040602022;432;3701453
MA;7;Deputado Estadual;45359;JOSÉ FLAVIO BORGES GOMES;ENFERMEIRO FLÁVIO;PSDB;CIDADANIA / PSDB;1;Não Eleito;2022-10-03 03:11:03;MA;100001619966;Válido;2040602022;431;3701453
MA;7;Deputado Estadual;20357;FRANCISCO AILTON SIQUEIRA DE SOUSA;SARG SOUSA MARANHÃO;PSC;PSC;1;Suplente;2022-10-03 03:11:03;MA;100001620080;Válido;2040602022;427;3701453
MA;7;Deputado Estadual;40234;REGINA CELIA PENHA ABREU;REGINA DO SALÃO;PSB;PSB;1;Suplente;2022-10-03 03:11:03;MA;100001731346;Válido;2040602022;424;3701453
MA;7;Deputado Estadual;51033;ELIZANIA DO ESPIRITO SANTO FERNANDES;ZANINHA MARTINS;PATRIOTA;PATRIOTA;1;Suplente;2022-10-03 03:11:03;MA;100001608111;Válido;2040602022;423;3701453
MA;7;Deputado Estadual;11223;MARIA CATARINA DA CUNHA BRITO;CATARINA BRASIL ;PP;PP;1;Suplente;2022-10-03 03:11:03;MA;100001608093;Válido;2040602022;420;3701453
MA;7;Deputado Estadual;51112;FRANCINIDY COSTA ALMEIDA;NIDDY ALMEIDA;PATRIOTA;PATRIOTA;1;Suplente;2022-10-03 03:11:03;MA;100001608115;Válido;2040602022;418;3701453
MA;7;Deputado Estadual;51890;JOILSON CASTRO MATOS;PROFESSOR JOILSON CASTRO;PATRIOTA;PATRIOTA;1;Suplente;2022-10-03 03:11:03;MA;100001608134;Válido;2040602022;416;3701453
MA;7;Deputado Estadual;55125;RAIMUNDO EVANGELISTA AMORIM ALCANTARA;VANGICO EVANGELISTA;PSD;PSD;1;Suplente;2022-10-03 03:11:03;MA;100001607106;Válido;2040602022;416;3701453
MA;7;Deputado Estadual;90800;RENNE CESAR DE ARAUJO RIBEIRO;SARGENTO CESAR;PROS;PROS;1;Não Eleito;2022-10-03 03:11:03;MA;100001599557;Válido;2040602022;388;3701453
MA;7;Deputado Estadual;23444;JOSENILSON PINHEIRO DA SILVA;PINGUIM DO POVO;CIDADANIA;CIDADANIA / PSDB;1;Não Eleito;2022-10-03 03:11:03;MA;100001619973;Válido;2040602022;387;3701453
MA;7;Deputado Estadual;10222;DIOGENES CLEON BARBOSA AZEVEDO;CEL DIÓGENES AZEVEDO;REPUBLICANOS;REPUBLICANOS;1;Suplente;2022-10-03 03:11:03;MA;100001602645;Válido;2040602022;385;3701453
MA;7;Deputado Estadual;23400;DOGIVAL ALVES CORREIA;PROFESSOR DOGIVAL;CIDADANIA;CIDADANIA / PSDB;1;Não Eleito;2022-10-03 03:11:03;MA;100001619954;Válido;2040602022;363;3701453
MA;7;Deputado Estadual;36321;HULDA LEITE MARTINS;HULDA MARTINS;AGIR;AGIR;1;Não Eleito;2022-10-03 03:11:03;MA;100001689550;Válido;2040602022;361;3701453
MA;7;Deputado Estadual;36111;ANTONIO JOAQUIM SOARES JUNIOR;ANTÕNIO JUNIOR;AGIR;AGIR;1;Não Eleito;2022-10-03 03:11:03;MA;100001689577;Válido;2040602022;356;3701453
MA;7;Deputado Estadual;23456;CÍCERO JOSÉ PEREIRA;IRMÃO DUQUINHA;CIDADANIA;CIDADANIA / PSDB;1;Não Eleito;2022-10-03 03:11:03;MA;100001619975;Válido;2040602022;354;3701453
MA;7;Deputado Estadual;36456;AGNALDO JUNIOR RODRIGUES SILVA;AGNALDO ALVORADA;AGIR;AGIR;1;Não Eleito;2022-10-03 03:11:03;MA;100001689576;Válido;2040602022;353;3701453
MA;7;Deputado Estadual;15700;NEMIAS CARVALHO DA SILVA;NEMIAS CARVALHO;MDB;MDB;1;Suplente;2022-10-03 03:11:03;MA;100001606622;Válido;2040602022;353;3701453
MA;7;Deputado Estadual;23023;EDUARDO DUTRA FERREIRA;EDUARDO;CIDADANIA;CIDADANIA / PSDB;1;Não Eleito;2022-10-03 03:11:03;MA;100001619972;Válido;2040602022;349;3701453
MA;7;Deputado Estadual;12346;SIDNEY CARDOSO RAMOS;COLETIVO JUSTIÇA JUIZ SIDNEY;PDT;PDT;1;Suplente;2022-10-03 03:11:03;MA;100001599590;Válido;2040602022;345;3701453
MA;7;Deputado Estadual;22224;DYANE DE MORAIS;DYANE DE MORAIS;PL;PL;1;Suplente;2022-10-03 03:11:03;MA;100001603186;Válido;2040602022;343;3701453
MA;7;Deputado Estadual;50013;VALDENY BARROS;BARROS;PSOL;REDE / PSOL;1;Não Eleito;2022-10-03 03:11:03;MA;100001713948;Válido;2040602022;342;3701453
MA;7;Deputado Estadual;36112;AURELIANO FRANCISCO DE LIMA;AURÉLIO BACABAL;AGIR;AGIR;1;Não Eleito;2022-10-03 03:11:03;MA;100001689537;Válido;2040602022;341;3701453
MA;7;Deputado Estadual;19130;RUISER DA SILVA;BAIANO DO PARQUE JAIR;PODE;PODE;1;Suplente;2022-10-03 03:11:03;MA;100001614804;Válido;2040602022;335;3701453
MA;7;Deputado Estadual;51999;FLAMARION RIBEIRO SELARES FACUNDES;FLAMARION FACUNDES;PATRIOTA;PATRIOTA;1;Suplente;2022-10-03 03:11:03;MA;100001608114;Válido;2040602022;333;3701453
MA;7;Deputado Estadual;18190;EUDIMILSON JOSE FERREIRA CARNEIRO;SARGENTO EDMILSON;REDE;REDE / PSOL;1;Não Eleito;2022-10-03 03:11:03;MA;100001713956;Válido;2040602022;319;3701453
MA;7;Deputado Estadual;10101;SILVANA PEREIRA SILVA;SILVANA CELULARES;REPUBLICANOS;REPUBLICANOS;1;Suplente;2022-10-03 03:11:03;MA;100001602647;Válido;2040602022;314;3701453
MA;7;Deputado Estadual;51666;CARLOS EDUARDO ALVES PEREIRA;CADU DO POVO;PATRIOTA;PATRIOTA;1;Suplente;2022-10-03 03:11:03;MA;100001608107;Válido;2040602022;307;3701453
MA;7;Deputado Estadual;19299;NAYARA PINHEIRO BORGES;NAYARA BORGES;PODE;PODE;1;Suplente;2022-10-03 03:11:03;MA;100001669455;Válido;2040602022;305;3701453
MA;7;Deputado Estadual;36022;EDNALDO RIBEIRO;DINO RIBEIRO;AGIR;AGIR;1;Não Eleito;2022-10-03 03:11:03;MA;100001689545;Válido;2040602022;301;3701453
MA;7;Deputado Estadual;36369;LAÉCIO PEREIRA DOS SANTOS;DR SARGENTO LAÉCIO;AGIR;AGIR;1;Não Eleito;2022-10-03 03:11:03;MA;100001689557;Válido;2040602022;301;3701453
MA;7;Deputado Estadual;13555;BENTA MARINA FERREIRA ROCHA;MARINA CABELEREIRA;PT;PT / PV / PC do B;1;Suplente;2022-10-03 03:11:03;MA;100001613734;Válido;2040602022;299;3701453
MA;7;Deputado Estadual;36842;RAIMUNDO SOUSA DE JESUS;NETO SOUSA;AGIR;AGIR;1;Não Eleito;2022-10-03 03:11:03;MA;100001689573;Válido;2040602022;295;3701453
MA;7;Deputado Estadual;55040;RAIMUNDO OLIVEIRA SOARES;RAIMUNDO SOARES;PSD;PSD;1;Suplente;2022-10-03 03:11:03;MA;100001607117;Válido;2040602022;292;3701453
MA;7;Deputado Estadual;28222;VALMIR GOMES DA SILVA;VALMIR GOMES;PRTB;PRTB;1;Não Eleito;2022-10-03 03:11:03;MA;100001675671;Válido;2040602022;287;3701453
MA;7;Deputado Estadual;22789;RENATO DOS SANTOS BARROS;RENATO BARROS;PL;PL;1;Suplente;2022-10-03 03:11:03;MA;100001603175;Válido;2040602022;285;3701453
MA;7;Deputado Estadual;11011;ZILDA MARTINS FONSECA SIQUEIRA;ENFERMEIRA ZILDA;PP;PP;1;Suplente;2022-10-03 03:11:03;MA;100001608099;Válido;2040602022;283;3701453
MA;7;Deputado Estadual;51567;JOSÉ CARLOS LEAL PENHA;JOSÉ DA PENHA;PATRIOTA;PATRIOTA;1;Suplente;2022-10-03 03:11:03;MA;100001608132;Válido;2040602022;278;3701453
MA;7;Deputado Estadual;19755;IVALDO DE OLIVEIRA RICCI JUNIOR;IVALDO RICCI;PODE;PODE;1;Suplente;2022-10-03 03:11:03;MA;100001614812;Válido;2040602022;277;3701453
MA;7;Deputado Estadual;28412;JOSE BALBINO SEGUINS;IRMÃO BALBINO;PRTB;PRTB;1;Não Eleito;2022-10-03 03:11:03;MA;100001675674;Válido;2040602022;277;3701453
MA;7;Deputado Estadual;22422;MARIA DE JESUS BORGES ALVES FONTES;CRISTAL BORGES;PL;PL;1;Suplente;2022-10-03 03:11:03;MA;100001603185;Válido;2040602022;276;3701453
MA;7;Deputado Estadual;40004;ARTENISA CAETANO DA SILVA;ARTENISA DO SINDICATO;PSB;PSB;1;Suplente;2022-10-03 03:11:03;MA;100001607081;Válido;2040602022;275;3701453
MA;7;Deputado Estadual;28028;SUZENILDE BRAGA SILVA;SUZI SILVA;PRTB;PRTB;1;Não Eleito;2022-10-03 03:11:03;MA;100001675692;Válido;2040602022;275;3701453
MA;7;Deputado Estadual;50500;NATHALIA GRAZIELLE DOS SANTOS  SILVA;PROFESSORA GRAZI;PSOL;REDE / PSOL;1;Não Eleito;2022-10-03 03:11:03;MA;100001725390;Válido;2040602022;275;3701453
MA;7;Deputado Estadual;19922;MÉRCIA REJANE BORGES DA SILVA;MÉRCIA BORGES;PODE;PODE;1;Suplente;2022-10-03 03:11:03;MA;100001669456;Válido;2040602022;269;3701453
MA;7;Deputado Estadual;90222;MARIA SANDRA CORREA;SANDRA CORREA ;PROS;PROS;1;Não Eleito;2022-10-03 03:11:03;MA;100001599558;Válido;2040602022;268;3701453
MA;7;Deputado Estadual;51234;FRANCISCO CARLOS FERREIRA;DOUTOR CARLOS;PATRIOTA;PATRIOTA;1;Suplente;2022-10-03 03:11:03;MA;100001608117;Válido;2040602022;267;3701453
MA;7;Deputado Estadual;36606;JOCENILSON SILVA MARTINS;IRMÃO JOCENILSON;AGIR;AGIR;1;Não Eleito;2022-10-03 03:11:03;MA;100001689554;Válido;2040602022;265;3701453
MA;7;Deputado Estadual;27017;JOSE RIBAMAR SOEIRO MACHADO;SOEIRO;DC;DC;1;Não Eleito;2022-10-03 03:11:03;MA;100001723202;Válido;2040602022;258;3701453
MA;7;Deputado Estadual;15742;RAIMUNDA NONATA LIMA;RAIMUNDINHA DO POVO;MDB;MDB;1;Suplente;2022-10-03 03:11:03;MA;100001606624;Válido;2040602022;256;3701453
MA;7;Deputado Estadual;20133;JOSILDO DE SOUSA DA SILVA;JOSILDO DO PICOLE;PSC;PSC;1;Suplente;2022-10-03 03:11:03;MA;100001620084;Válido;2040602022;249;3701453
MA;7;Deputado Estadual;12112;ADIEL BALBINO MOREIRA COELHO;ADIEL MOREIRA;PDT;PDT;1;Suplente;2022-10-03 03:11:03;MA;100001599579;Válido;2040602022;247;3701453
MA;7;Deputado Estadual;40013;FRANCISCO RAILSON DO NASCIMENTO SILVA;RAYLSON CARCARÁ;PSB;PSB;1;Suplente;2022-10-03 03:11:03;MA;100001607065;Válido;2040602022;244;3701453
MA;7;Deputado Estadual;15665;CONCEIÇÃO DE MARIA AMORIM PIMENTA;PIMENTA COLETIVO ACE  E ACS;MDB;MDB;1;Suplente;2022-10-03 03:11:03;MA;100001606628;Válido;2040602022;243;3701453
MA;7;Deputado Estadual;27303;LUZINETE MARIA DE MOURA SANTOS;LUZINETE MOURA;DC;DC;1;Não Eleito;2022-10-03 03:11:03;MA;100001723201;Válido;2040602022;241;3701453
MA;7;Deputado Estadual;20900;MARINA CRISTINA DA SILVA MARQUES;MARINA MARQUES;PSC;PSC;1;Suplente;2022-10-03 03:11:03;MA;100001620091;Válido;2040602022;238;3701453
MA;7;Deputado Estadual;28110;MARIA DA GRAÇA DINIZ;GRAÇA DINIZ;PRTB;PRTB;1;Não Eleito;2022-10-03 03:11:03;MA;100001675664;Válido;2040602022;236;3701453
MA;7;Deputado Estadual;27890;JOSÉ AIRTON SILVA MELO;AIRTON MELO;DC;DC;1;Não Eleito;2022-10-03 03:11:03;MA;100001723207;Válido;2040602022;235;3701453
MA;7;Deputado Estadual;44233;LUDENDORF BRANDÃO MOREIRA;PROF, LUDENDORF;UNIÃO;UNIÃO;1;Suplente;2022-10-03 03:11:03;MA;100001607484;Válido;2040602022;234;3701453
MA;7;Deputado Estadual;23789;DEAN FRANKCIGIRLEY ARAÚJO COSTA;DEAN ARAÚJO;CIDADANIA;CIDADANIA / PSDB;1;Não Eleito;2022-10-03 03:11:03;MA;100001619976;Válido;2040602022;234;3701453
MA;7;Deputado Estadual;28999;ARMANDO TEIXEIRA BRANCO FILHO;ARMANDO BRANCO;PRTB;PRTB;1;Não Eleito;2022-10-03 03:11:03;MA;100001675676;Válido;2040602022;234;3701453
MA;7;Deputado Estadual;90888;RONALD AGO ALMEIDA DIORGENS;RONALD DIORGENS;PROS;PROS;1;Não Eleito;2022-10-03 03:11:03;MA;100001599541;Válido;2040602022;232;3701453
MA;7;Deputado Estadual;36231;MARIA ELIETE SILVA PEREIRA;IRMÃ ELIETE SILVA;AGIR;AGIR;1;Não Eleito;2022-10-03 03:11:03;MA;100001689562;Válido;2040602022;232;3701453
MA;7;Deputado Estadual;28228;TELMA MARIA LIMA BEZERRA;TELMINHA DO BOMBOM;PRTB;PRTB;1;Não Eleito;2022-10-03 03:11:03;MA;100001675667;Válido;2040602022;230;3701453
MA;7;Deputado Estadual;50111;ANTONIO ALMIR RAMOS DE OLIVEIRA;ALMIR DO MERCADO;PSOL;REDE / PSOL;1;Não Eleito;2022-10-03 03:11:03;MA;100001725394;Válido;2040602022;227;3701453
MA;7;Deputado Estadual;55678;ROSÂNGELA DE JESUS VIEIRA AZEVEDO;ROSÂNGELA AZEVEDO;PSD;PSD;1;Suplente;2022-10-03 03:11:03;MA;100001607108;Válido;2040602022;223;3701453
MA;7;Deputado Estadual;44369;KESSIA NICOLLE SÁ DE MENEZES;KESSIA NICOLLE;UNIÃO;UNIÃO;1;Suplente;2022-10-03 03:11:03;MA;100001607489;Válido;2040602022;223;3701453
MA;7;Deputado Estadual;23123;LUIZ CARLOS PORTO;PASTOR PORTO;CIDADANIA;CIDADANIA / PSDB;1;Não Eleito;2022-10-03 03:11:03;MA;100001619977;Válido;2040602022;222;3701453
MA;7;Deputado Estadual;15125;FRANCISCO ALVES DO NASCIMENTO;NEGO BOY;MDB;MDB;1;Suplente;2022-10-03 03:11:03;MA;100001606629;Válido;2040602022;220;3701453
MA;7;Deputado Estadual;22558;SANDRA MARIA ANDRADE DAVID;SANDRA MARIA;PL;PL;1;Suplente;2022-10-03 03:11:03;MA;100001603177;Válido;2040602022;217;3701453
MA;7;Deputado Estadual;27445;FRANCISCO JOSÉ SILVA SANTOS;KIM;DC;DC;1;Não Eleito;2022-10-03 03:11:03;MA;100001723209;Válido;2040602022;216;3701453
MA;7;Deputado Estadual;18123;MARINILDE ALMEIDA COSTA;PROFESSORA MARINILDE;REDE;REDE / PSOL;1;Não Eleito;2022-10-03 03:11:03;MA;100001713946;Válido;2040602022;212;3701453
MA;7;Deputado Estadual;50251;HAROLDO PEREIRA DA SILVA;HAROLDO PEREIRA;PSOL;REDE / PSOL;1;Não Eleito;2022-10-03 03:11:03;MA;100001725386;Válido;2040602022;207;3701453
MA;7;Deputado Estadual;35789;LUIZ CARLOS MOURA;L CARLOS COLETIVO COCAIS;PMB;PMB;1;Não Eleito;2022-10-03 03:11:03;MA;100001689725;Válido;2040602022;207;3701453
MA;7;Deputado Estadual;90046;CELIDA DE JESUS PEREIRA DE JESUS;CELIDA DE JESUS ;PROS;PROS;1;Não Eleito;2022-10-03 03:11:03;MA;100001599542;Válido;2040602022;206;3701453
MA;7;Deputado Estadual;27678;ANTÔNIO JOSÉ ALVES REIS;ANTÔNIO JOSÉ;DC;DC;1;Não Eleito;2022-10-03 03:11:03;MA;100001723190;Válido;2040602022;206;3701453
MA;7;Deputado Estadual;90009;EDUARDO ROBERTO MARANHAO DO LAGO;EDUARDO MARANHÃO ;PROS;PROS;1;Não Eleito;2022-10-03 03:11:03;MA;100001599548;Válido;2040602022;204;3701453
MA;7;Deputado Estadual;27733;JOSÉ RIBAMAR SANTANA DA CRUZ;PROFESSOR RIBAMAR;DC;DC;1;Não Eleito;2022-10-03 03:11:03;MA;100001723188;Válido;2040602022;203;3701453
MA;7;Deputado Estadual;51200;HILTON CARLOS MENDES DE CARVALHO;HILTON CARVALHO;PATRIOTA;PATRIOTA;1;Suplente;2022-10-03 03:11:03;MA;100001608119;Válido;2040602022;201;3701453
MA;7;Deputado Estadual;55666;ABRAÃO AGUIAR NEVES;ABRAÃO NEVES;PSD;PSD;1;Suplente;2022-10-03 03:11:03;MA;100001607120;Válido;2040602022;200;3701453
MA;7;Deputado Estadual;22002;ORLANDO EGÍDIO SILVA;EGÍDIO;PL;PL;1;Suplente;2022-10-03 03:11:03;MA;100001603181;Válido;2040602022;199;3701453
MA;7;Deputado Estadual;43222;CESAR DO EGITO LOPES GONCALVES FILHO;CESINHA DO EGITO;PV;PT / PV / PC do B;1;Suplente;2022-10-03 03:11:03;MA;100001613731;Válido;2040602022;197;3701453
MA;7;Deputado Estadual;23128;ERBETE MASSAU ALVES DOS SANTOS;HERBET FLASH;CIDADANIA;CIDADANIA / PSDB;1;Não Eleito;2022-10-03 03:11:03;MA;100001619955;Válido;2040602022;193;3701453
MA;7;Deputado Estadual;35222;LUIZ RAIMUNDO PINHEIRO;LUIZ COLETIVO QUILOMBOLA;PMB;PMB;1;Não Eleito;2022-10-03 03:11:03;MA;100001689726;Válido;2040602022;193;3701453
MA;7;Deputado Estadual;50002;ANGELA MARIA LIMA DOS SANTOS;ANGELA MARIA;PSOL;REDE / PSOL;1;Não Eleito;2022-10-03 03:11:03;MA;100001713951;Válido;2040602022;186;3701453
MA;7;Deputado Estadual;45527;ARLETE SANTOS MOREIRA LIMA;ARLETE MOREIRA LIMA;PSDB;CIDADANIA / PSDB;1;Não Eleito;2022-10-03 03:11:03;MA;100001619952;Válido;2040602022;186;3701453
MA;7;Deputado Estadual;27232;MARIA LUCIA CANTANHEDE OLIVEIRA;LUCIA CANTANHEDE;DC;DC;1;Não Eleito;2022-10-03 03:11:03;MA;100001723204;Válido;2040602022;184;3701453
MA;7;Deputado Estadual;45455;MARCOS ANTÔNIO COSTA;MARCOS PIRÃO;PSDB;CIDADANIA / PSDB;1;Não Eleito;2022-10-03 03:11:03;MA;100001619950;Válido;2040602022;183;3701453
MA;7;Deputado Estadual;51099;LUANDA CRUZ PALACIO;LUANDA PALÁCIO;PATRIOTA;PATRIOTA;1;Suplente;2022-10-03 03:11:03;MA;100001608129;Válido;2040602022;182;3701453
MA;7;Deputado Estadual;10012;KLEBER CAMPOS GARCIA;KLEBER CAMPOS;REPUBLICANOS;REPUBLICANOS;1;Suplente;2022-10-03 03:11:03;MA;100001602651;Válido;2040602022;181;3701453
MA;7;Deputado Estadual;50113;FRANCISCO DE CARVALHO SOUZA;CHICO DA COHAB;PSOL;REDE / PSOL;1;Não Eleito;2022-10-03 03:11:03;MA;100001713957;Válido;2040602022;181;3701453
MA;7;Deputado Estadual;28233;FRANCISCO AGNALDO MONTEIRO;HANNYS MONTEIRO;PRTB;PRTB;1;Não Eleito;2022-10-03 03:11:03;MA;100001675669;Válido;2040602022;181;3701453
MA;7;Deputado Estadual;15200;MILLENA ANDRADE DOS SANTOS;MILLA ANDRADE;MDB;MDB;1;Suplente;2022-10-03 03:11:03;MA;100001606621;Válido;2040602022;181;3701453
MA;7;Deputado Estadual;28000;RAFAEL SANTANA MARREIROS;CAPELÃO RAFAEL;PRTB;PRTB;1;Não Eleito;2022-10-03 03:11:03;MA;100001675666;Válido;2040602022;179;3701453
MA;7;Deputado Estadual;43301;DENISE CARVALHO GOMES;DENISE CARVALHO;PV;PT / PV / PC do B;1;Suplente;2022-10-03 03:11:03;MA;100001613735;Válido;2040602022;177;3701453
MA;7;Deputado Estadual;22201;SERGIO EDUARDO NOGUEIRA DE ARAUJO;SERGIO NOGUEIRA;PL;PL;1;Suplente;2022-10-03 03:11:03;MA;100001603184;Válido;2040602022;177;3701453
MA;7;Deputado Estadual;11226;LUIS CARLOS SENA DE FREITAS;PROF LUIS CARLOS;PP;PP;1;Suplente;2022-10-03 03:11:03;MA;100001608100;Válido;2040602022;175;3701453
MA;7;Deputado Estadual;50070;PRISCILA DE FATIMA CARVALHO COSTA;PRISCILA DO COLETIVO ANDIROBAL;PSOL;REDE / PSOL;1;Não Eleito;2022-10-03 03:11:03;MA;100001725366;Válido;2040602022;175;3701453
MA;7;Deputado Estadual;14567;CLAUDIMIRO FREITAS LOPES;CLAUDIMIRO;PTB;PTB;1;Não Eleito;2022-10-03 03:11:03;MA;100001648822;Válido;2040602022;174;3701453
MA;7;Deputado Estadual;16000;LUZIVANDA DAMASCENO DA SILVA RAMOS;LUZIVANDA;PSTU;PSTU;1;Não Eleito;2022-10-03 03:11:03;MA;100001600021;Válido;2040602022;173;3701453
MA;7;Deputado Estadual;90900;JOCIANNE FERREIRA GOMES MATOS;JOSY MATOS;PROS;PROS;1;Não Eleito;2022-10-03 03:11:03;MA;100001599560;Válido;2040602022;172;3701453
MA;7;Deputado Estadual;19777;LOURIVAL DE OLIVEIRA SANTOS;LOURIVAL SANTOS;PODE;PODE;1;Suplente;2022-10-03 03:11:03;MA;100001614816;Válido;2040602022;171;3701453
MA;7;Deputado Estadual;51321;HERMOGENES SENA CHAGAS;MAGAL COLETIVO ZONA RURAL;PATRIOTA;PATRIOTA;1;Suplente;2022-10-03 03:11:03;MA;100001608120;Válido;2040602022;171;3701453
MA;7;Deputado Estadual;45333;ELIJANE CÉLIA CUTRIM BARROS;JANE DO PAÇO;PSDB;CIDADANIA / PSDB;1;Não Eleito;2022-10-03 03:11:03;MA;100001619962;Válido;2040602022;170;3701453
MA;7;Deputado Estadual;35258;GEORGE DA SILVA COSTA;GEORGE DA SILVA;PMB;PMB;1;Não Eleito;2022-10-03 03:11:03;MA;100001689733;Válido;2040602022;169;3701453
MA;7;Deputado Estadual;51001;JOSE ADRIANO VAZ DA SILVA;ADRIANO VAZ;PATRIOTA;PATRIOTA;1;Suplente;2022-10-03 03:11:03;MA;100001608133;Válido;2040602022;169;3701453
MA;7;Deputado Estadual;50555;JOSE MAGUINO CUTRIM;MAGUINO CUTRIM;PSOL;REDE / PSOL;1;Não Eleito;2022-10-03 03:11:03;MA;100001725387;Válido;2040602022;167;3701453
MA;7;Deputado Estadual;19234;CARLOS CESAR FREITAS;SGT CÉSAR O AMIGÃO;PODE;PODE;1;Suplente;2022-10-03 03:11:03;MA;100001614799;Válido;2040602022;166;3701453
MA;7;Deputado Estadual;50999;ARNALDO RODRIGUES DOS REIS;PROF ARNALDO RODRIGUES;PSOL;REDE / PSOL;1;Não Eleito;2022-10-03 03:11:03;MA;100001713952;Válido;2040602022;165;3701453
MA;7;Deputado Estadual;23001;LUIS CARLOS CHAVES LIMA;LUIS CARLOS CIDADANIA COLETIVA;CIDADANIA;CIDADANIA / PSDB;1;Não Eleito;2022-10-03 03:11:03;MA;100001619969;Válido;2040602022;162;3701453
MA;7;Deputado Estadual;51221;EDILENE DA SILVA FREITAS;HILDES FREITAS;PATRIOTA;PATRIOTA;1;Suplente;2022-10-03 03:11:03;MA;100001608108;Válido;2040602022;158;3701453
MA;7;Deputado Estadual;28133;FLORENCIO ELEOTERIO FERREIRA NETO;FLOFLO;PRTB;PRTB;1;Não Eleito;2022-10-03 03:11:03;MA;100001675675;Válido;2040602022;158;3701453
MA;7;Deputado Estadual;23600;MARIA ALICE DA SILVA PEREIRA;MARIA ALICE;CIDADANIA;CIDADANIA / PSDB;1;Não Eleito;2022-10-03 03:11:03;MA;100001732265;Válido;2040602022;158;3701453
MA;7;Deputado Estadual;23024;LENICE ALVES DOS SANTOS;LENICE ALVES;CIDADANIA;CIDADANIA / PSDB;1;Não Eleito;2022-10-03 03:11:03;MA;100001732264;Válido;2040602022;158;3701453
MA;7;Deputado Estadual;27373;SILVIA LIMA FERREIRA;SILVIA LIMA;DC;DC;1;Não Eleito;2022-10-03 03:11:03;MA;100001723192;Válido;2040602022;156;3701453
MA;7;Deputado Estadual;27444;JOÃO RODRIGUES BITTENCOURT JUNIOR;RODRIGO;DC;DC;1;Não Eleito;2022-10-03 03:11:03;MA;100001723186;Válido;2040602022;156;3701453
MA;7;Deputado Estadual;12077;CLEONICE DUTRA GONCALVES;CLEONICE GONÇALVES;PDT;PDT;1;Suplente;2022-10-03 03:11:03;MA;100001599589;Válido;2040602022;154;3701453
MA;7;Deputado Estadual;13777;REGINA LINS ROCHA DA SILVA;REGINA LINS DA MUNDIAL;PT;PT / PV / PC do B;1;Suplente;2022-10-03 03:11:03;MA;100001613725;Válido;2040602022;152;3701453
MA;7;Deputado Estadual;35110;EMÍLIA ROSA FIGUEIREDO BARROS;EMÍLIA BARROS;PMB;PMB;1;Não Eleito;2022-10-03 03:11:03;MA;100001689731;Válido;2040602022;152;3701453
MA;7;Deputado Estadual;14000;JORIM WANDERLEY ITHAMAR;JORIM FILHO;PTB;PTB;1;Não Eleito;2022-10-03 03:11:03;MA;100001648821;Válido;2040602022;150;3701453
MA;7;Deputado Estadual;90345;JOÃO RONALDO DE SOUZA MENDES;SARGENTO MENDES ;PROS;PROS;1;Não Eleito;2022-10-03 03:11:03;MA;100001599567;Válido;2040602022;148;3701453
MA;7;Deputado Estadual;19200;ORLANDO VELOSO DOS SANTOS;NED LEÃO;PODE;PODE;1;Suplente;2022-10-03 03:11:03;MA;100001614797;Válido;2040602022;146;3701453
MA;7;Deputado Estadual;45184;SILVIA MARIA CARVALHO;SILVIA CARVALHO;PSDB;CIDADANIA / PSDB;1;Não Eleito;2022-10-03 03:11:03;MA;100001619959;Válido;2040602022;146;3701453
MA;7;Deputado Estadual;20380;JARSON MOREIRA LIMA;JARSON ROCK;PSC;PSC;1;Suplente;2022-10-03 03:11:03;MA;100001620082;Válido;2040602022;143;3701453
MA;7;Deputado Estadual;23007;VALDENIR ARAÚJO LIMA;LIMA;CIDADANIA;CIDADANIA / PSDB;1;Não Eleito;2022-10-03 03:11:03;MA;100001619961;Válido;2040602022;143;3701453
MA;7;Deputado Estadual;90366;ANDRIELE SOARES VIEGAS;ANDRIELE VIEGAS;PROS;PROS;1;Não Eleito;2022-10-03 03:11:03;MA;100001599555;Válido;2040602022;140;3701453
MA;7;Deputado Estadual;11026;GEISA LOURDES MIRANDA DOS SANTOS;GEISA MIRANDA;PP;PP;1;Suplente;2022-10-03 03:11:03;MA;100001608094;Válido;2040602022;139;3701453
MA;7;Deputado Estadual;50400;JOAQUIM VIANA NETO;JOAQUIM VIANA;PSOL;REDE / PSOL;1;Não Eleito;2022-10-03 03:11:03;MA;100001713943;Válido;2040602022;138;3701453
MA;7;Deputado Estadual;22238;ANTONIO VIEIRA FILHO;VIEIRINHA;PL;PL;1;Suplente;2022-10-03 03:11:03;MA;100001603183;Válido;2040602022;138;3701453
MA;7;Deputado Estadual;28777;ALLYSON BRUNO LICAR;BRUNO LICAR;PRTB;PRTB;1;Não Eleito;2022-10-03 03:11:03;MA;100001675670;Válido;2040602022;136;3701453
MA;7;Deputado Estadual;18018;ELANY ROSA DE ASSIS;ELANY ROSA TENTEHAR;REDE;REDE / PSOL;1;Não Eleito;2022-10-03 03:11:03;MA;100001713955;Válido;2040602022;136;3701453
MA;7;Deputado Estadual;12037;MARCELA DE SOUSA ARAUJO;MAH ARAUJO;PDT;PDT;1;Suplente;2022-10-03 03:11:03;MA;100001599587;Válido;2040602022;135;3701453
MA;7;Deputado Estadual;15987;SAMANTHA ALVES PAURA;SAMANTHA COSTA;MDB;MDB;1;Suplente;2022-10-03 03:11:03;MA;100001723014;Válido;2040602022;133;3701453
MA;7;Deputado Estadual;40048;CRISTYANE SOUSA SILVA;CRIS DO PRIMAVERA;PSB;PSB;1;Suplente;2022-10-03 03:11:03;MA;100001607061;Válido;2040602022;133;3701453
MA;7;Deputado Estadual;27124;REGINALDO FERREIRA;REGINALDO FERREIRA;DC;DC;1;Não Eleito;2022-10-03 03:11:03;MA;100001723208;Válido;2040602022;130;3701453
MA;7;Deputado Estadual;35114;JOSE DE JESUS VIEIRA DIAS;JESUS VIEIRA;PMB;PMB;1;Não Eleito;2022-10-03 03:11:03;MA;100001689719;Válido;2040602022;130;3701453
MA;7;Deputado Estadual;55780;ISRAEL DE OLIVEIRA CARVALHO;ISRAEL CARVALHO;PSD;PSD;1;Suplente;2022-10-03 03:11:03;MA;100001607123;Válido;2040602022;128;3701453
MA;7;Deputado Estadual;90013;JOÃO BOSCO COSTA SILVA;BOSQUINHO;PROS;PROS;1;Não Eleito;2022-10-03 03:11:03;MA;100001599556;Válido;2040602022;127;3701453
MA;7;Deputado Estadual;35333;CELSO HENRIQUE ROCHA DA SILVA;CELSO SILVA;PMB;PMB;1;Não Eleito;2022-10-03 03:11:03;MA;100001689723;Válido;2040602022;127;3701453
MA;7;Deputado Estadual;23233;FLAVIANA ROCHA DA SILVA;FLÁVIA SILVA;CIDADANIA;CIDADANIA / PSDB;1;Não Eleito;2022-10-03 03:11:03;MA;100001619960;Válido;2040602022;126;3701453
MA;7;Deputado Estadual;51776;FRANCISCA MARCIA DA CONCEIÇÃO;MARCIA CARVALHO;PATRIOTA;PATRIOTA;1;Suplente;2022-10-03 03:11:03;MA;100001608116;Válido;2040602022;125;3701453
MA;7;Deputado Estadual;20700;IVONALDO RODRIGUES GUIMARAES;IVONALDO GUIMARAES;PSC;PSC;1;Suplente;2022-10-03 03:11:03;MA;100001620081;Válido;2040602022;125;3701453
MA;7;Deputado Estadual;23221;FRANCISCO CARLOS SERRA SILVA;CHICO NOEL;CIDADANIA;CIDADANIA / PSDB;1;Não Eleito;2022-10-03 03:11:03;MA;100001619967;Válido;2040602022;124;3701453
MA;7;Deputado Estadual;28100;FRANCISCA WELANE GOMES LOPES;FRANCISCA COLETIVO TODOSJUNTOS;PRTB;PRTB;1;Não Eleito;2022-10-03 03:11:03;MA;100001675691;Válido;2040602022;122;3701453
MA;7;Deputado Estadual;14140;LUIS ALVES DOS SANTOS;LUIS ALVES;PTB;PTB;1;Não Eleito;2022-10-03 03:11:03;MA;100001648816;Válido;2040602022;122;3701453
MA;7;Deputado Estadual;11013;GLEICIANNE DA SILVA NOGUEIRA;GLEICIANNE NOGUEIRA;PP;PP;1;Suplente;2022-10-03 03:11:03;MA;100001608095;Válido;2040602022;119;3701453
MA;7;Deputado Estadual;50200;RAIMUNDO SILVA;ARU SANFONEIRO;PSOL;REDE / PSOL;1;Não Eleito;2022-10-03 03:11:03;MA;100001725385;Válido;2040602022;119;3701453
MA;7;Deputado Estadual;55027;MARIA DANIELE GOMES DA SILVA;DANY GOMES;PSD;PSD;1;Suplente;2022-10-03 03:11:03;MA;100001607103;Válido;2040602022;117;3701453
MA;7;Deputado Estadual;35567;JOSE FERNANDO DA SILVA;FERNANDO SILVA LOCUTOR;PMB;PMB;1;Não Eleito;2022-10-03 03:11:03;MA;100001689718;Válido;2040602022;116;3701453
MA;7;Deputado Estadual;20246;MARIA BALBINA DOS INOCENTES PEREIRA;BALBINA;PSC;PSC;1;Suplente;2022-10-03 03:11:03;MA;100001620088;Válido;2040602022;116;3701453
MA;7;Deputado Estadual;28070;RAIMUNDA MARTILENE DA CONCEIÇÃO DE ALMEIDA;MARTILENE ALMEIDA;PRTB;PRTB;1;Não Eleito;2022-10-03 03:11:03;MA;100001675689;Válido;2040602022;116;3701453
MA;7;Deputado Estadual;35123;MARIA DALVA DURANS MATOS;DALVA MATOS;PMB;PMB;1;Não Eleito;2022-10-03 03:11:03;MA;100001689727;Válido;2040602022;115;3701453
MA;7;Deputado Estadual;90100;MARIA ZENILDE ARAUJO;LOIRA DO SALÃO;PROS;PROS;1;Não Eleito;2022-10-03 03:11:03;MA;100001599570;Válido;2040602022;115;3701453
MA;7;Deputado Estadual;36856;ADELINO DE DEUS CARVALHO FILHO;ADELINO DE DEUS;AGIR;AGIR;1;Não Eleito;2022-10-03 03:11:03;MA;100001689578;Válido;2040602022;113;3701453
MA;7;Deputado Estadual;90121;NEWTON BARBOSA DA CONCEICAO;BARBOSINHA;PROS;PROS;1;Não Eleito;2022-10-03 03:11:03;MA;100001599554;Válido;2040602022;111;3701453
MA;7;Deputado Estadual;36852;RICARDO LOPES DE SOUSA;RICARDO LOPES;AGIR;AGIR;1;Não Eleito;2022-10-03 03:11:03;MA;100001689574;Válido;2040602022;110;3701453
MA;7;Deputado Estadual;50507;JOANICE DE OLIVEIRA RIOS;JOANICE RIOS;PSOL;REDE / PSOL;1;Não Eleito;2022-10-03 03:11:03;MA;100001713942;Válido;2040602022;110;3701453
MA;7;Deputado Estadual;55663;ELPIDIO MARTINS DE OLIVEIRA NETO;ELPIDIO MARTINS;PSD;PSD;1;Suplente;2022-10-03 03:11:03;MA;100001607114;Válido;2040602022;110;3701453
MA;7;Deputado Estadual;22453;ARACELE DE JESUS FONSECA SILVA;PROFESSORA ARACELE;PL;PL;1;Suplente;2022-10-03 03:11:03;MA;100001603174;Válido;2040602022;108;3701453
MA;7;Deputado Estadual;35000;MARIA DALVA COSTA;DALVA CAMARÃO;PMB;PMB;1;Não Eleito;2022-10-03 03:11:03;MA;100001689728;Válido;2040602022;108;3701453
MA;7;Deputado Estadual;27234;ENELSON SANTOS PAVÃO;IRMÃO PAVÃO;DC;DC;1;Não Eleito;2022-10-03 03:11:03;MA;100001723206;Válido;2040602022;107;3701453
MA;7;Deputado Estadual;22369;CLEIDIANE DAS NEVES BRITO;CLEIDIANE BRASIL;PL;PL;1;Suplente;2022-10-03 03:11:03;MA;100001603156;Válido;2040602022;106;3701453
MA;7;Deputado Estadual;40115;SANDRA MARIA OLIVEIRA SILVA;SANDRA OLIVEIRA;PSB;PSB;1;Suplente;2022-10-03 03:11:03;MA;100001607084;Válido;2040602022;104;3701453
MA;7;Deputado Estadual;19566;EDNA PIRES MONTEIRO MARTINS;EDNA MONTEIRO;PODE;PODE;1;Suplente;2022-10-03 03:11:03;MA;100001614795;Válido;2040602022;104;3701453
MA;7;Deputado Estadual;50461;IARLISSON SOUSA SILVA;IARLISSON SILVA;PSOL;REDE / PSOL;1;Não Eleito;2022-10-03 03:11:03;MA;100001713941;Válido;2040602022;102;3701453
MA;7;Deputado Estadual;36336;JULIETE LIMA ANDRADE DOS SANTOS;JULIETE ANDRADE;AGIR;AGIR;1;Não Eleito;2022-10-03 03:11:03;MA;100001689555;Válido;2040602022;100;3701453
MA;7;Deputado Estadual;36637;DENES MARINHO DA SILVA;DENES DA PURURUCA;AGIR;AGIR;1;Não Eleito;2022-10-03 03:11:03;MA;100001689541;Válido;2040602022;100;3701453
MA;7;Deputado Estadual;36600;NADSON MUNIZ ARAUJO;NADSON DO OVO;AGIR;AGIR;1;Não Eleito;2022-10-03 03:11:03;MA;100001689567;Válido;2040602022;99;3701453
MA;7;Deputado Estadual;27487;CARLOS INÁCIO CORDEIRO DA CRUZ;CARLOS QUILOMBOLA;DC;DC;1;Não Eleito;2022-10-03 03:11:03;MA;100001723205;Válido;2040602022;96;3701453
MA;7;Deputado Estadual;55580;ANDRÉ DE SOUSA BRAZ;ANDRÉ BRAZ;PSD;PSD;1;Suplente;2022-10-03 03:11:03;MA;100001607119;Válido;2040602022;96;3701453
MA;7;Deputado Estadual;90147;RAIMUNDO CARLOS DA SILVA GUAJAJARA;RAIMUNDO GUAJAJARA;PROS;PROS;1;Não Eleito;2022-10-03 03:11:03;MA;100001599539;Válido;2040602022;95;3701453
MA;7;Deputado Estadual;22544;PASCOAL CEDRAZ DE MIRANDA;PASTOR PASCOAL CEDRAZ;PL;PL;1;Suplente;2022-10-03 03:11:03;MA;100001603180;Válido;2040602022;94;3701453
MA;7;Deputado Estadual;45500;ELINE CARLA PINHEIRO CARDOSO;ELI CARLA;PSDB;CIDADANIA / PSDB;1;Não Eleito;2022-10-03 03:11:03;MA;100001619963;Válido;2040602022;94;3701453
MA;7;Deputado Estadual;35111;ARNALDO NUNES CHAVES;ARNALDO BEREBÔ;PMB;PMB;1;Não Eleito;2022-10-03 03:11:03;MA;100001689729;Válido;2040602022;92;3701453
MA;7;Deputado Estadual;18000;RAIMUNDO RIBEIRO SILVA FILHO;RAIMUNDO RIBEIRO;REDE;REDE / PSOL;1;Não Eleito;2022-10-03 03:11:03;MA;100001725393;Válido;2040602022;92;3701453
MA;7;Deputado Estadual;20345;WLICIARA SILVA CORREA;CIARA COLETIVO TODOS MARANHÃO;PSC;PSC;1;Suplente;2022-10-03 03:11:03;MA;100001620099;Válido;2040602022;90;3701453
MA;7;Deputado Estadual;50456;MARIA SILVANETE SOUSA DAMASCENO;SILVANETE REI DO GADO;PSOL;REDE / PSOL;1;Não Eleito;2022-10-03 03:11:03;MA;100001725395;Válido;2040602022;87;3701453
MA;7;Deputado Estadual;18380;GERALDO DE SOUZA FREITAS FILHO;GERALDINHO;REDE;REDE / PSOL;1;Não Eleito;2022-10-03 03:11:03;MA;100001713958;Válido;2040602022;86;3701453
MA;7;Deputado Estadual;10010;MARISA REGINA DUARTE TEIXEIRA;MARISA ROSAS;REPUBLICANOS;REPUBLICANOS;1;Suplente;2022-10-03 03:11:03;MA;100001732977;Válido;2040602022;85;3701453
MA;7;Deputado Estadual;36523;ELIZABETE DE MORAIS AFONSO;ELIZABETE AFONSO;AGIR;AGIR;1;Não Eleito;2022-10-03 03:11:03;MA;100001689546;Válido;2040602022;84;3701453
MA;7;Deputado Estadual;40147;SHEYLON CHRISTIAN RAMOS E RAMOS;SHEYLON RAMOS;PSB;PSB;1;Suplente;2022-10-03 03:11:03;MA;100001607089;Válido;2040602022;81;3701453
MA;7;Deputado Estadual;51799;ELENILDES DA CONCEIÇÃO RIBEIRO BRAGA;ELENILDES BRAGA;PATRIOTA;PATRIOTA;1;Suplente;2022-10-03 03:11:03;MA;100001608110;Válido;2040602022;78;3701453
MA;7;Deputado Estadual;28146;KARLYANE FERREIRA CÃMARA;KARLYANE CÃMARA;PRTB;PRTB;1;Não Eleito;2022-10-03 03:11:03;MA;100001675682;Válido;2040602022;77;3701453
MA;7;Deputado Estadual;43456;JOÃO HÉLIO CARVALHO LIMA;JOÃO HÉLIO;PV;PT / PV / PC do B;1;Suplente;2022-10-03 03:11:03;MA;100001613732;Válido;2040602022;77;3701453
MA;7;Deputado Estadual;50453;SAMUEL DE ALMEIDA EVANGELISTA;SAMUEL EVANGELISTA;PSOL;REDE / PSOL;1;Não Eleito;2022-10-03 03:11:03;MA;100001725391;Válido;2040602022;75;3701453
MA;7;Deputado Estadual;20300;SOLANGE BEZERRA DE OLIVEIRA;SOLANGE BEZERRA;PSC;PSC;1;Suplente;2022-10-03 03:11:03;MA;100001620094;Válido;2040602022;74;3701453
MA;7;Deputado Estadual;27999;MILENA DE OLIVEIRA SANTOS CALAFELL ARAUJO;MILENA CALAFELL;DC;DC;1;Não Eleito;2022-10-03 03:11:03;MA;100001723199;Válido;2040602022;74;3701453
MA;7;Deputado Estadual;35500;EVALDO DA SILVA LEAL;BAIANO;PMB;PMB;1;Não Eleito;2022-10-03 03:11:03;MA;100001728469;Válido;2040602022;71;3701453
MA;7;Deputado Estadual;36007;SERVULO NAZARENO SANTOS;JOHN SERVULO;AGIR;AGIR;1;Não Eleito;2022-10-03 03:11:03;MA;100001689575;Válido;2040602022;67;3701453
MA;7;Deputado Estadual;27369;AVILSON JOSÉ CORREA DA SILVA;CAPELÃO CORREA;DC;DC;1;Não Eleito;2022-10-03 03:11:03;MA;100001723191;Válido;2040602022;66;3701453
MA;7;Deputado Estadual;35609;MARIA BERNARDETE DOS SANTOS DOS SANTOS;PROFª BERNARDETE;PMB;PMB;1;Não Eleito;2022-10-03 03:11:03;MA;100001725944;Válido;2040602022;66;3701453
MA;7;Deputado Estadual;14200;JOAO BOTELHO NETO;NETO BOTELHO;PTB;PTB;1;Não Eleito;2022-10-03 03:11:03;MA;100001648825;Válido;2040602022;65;3701453
MA;7;Deputado Estadual;90125;RAQUEL ALVES DA SILVA;RAQUEL DO  VALE ;PROS;PROS;1;Não Eleito;2022-10-03 03:11:03;MA;100001599562;Válido;2040602022;63;3701453
MA;7;Deputado Estadual;50150;ALECIANE DO NASCIMENTO LOPES;CANTORA ALECIANE;PSOL;REDE / PSOL;1;Não Eleito;2022-10-03 03:11:03;MA;100001713950;Válido;2040602022;62;3701453
MA;7;Deputado Estadual;50225;JOSE DE RIBAMAR MENDES AROUCHE;AROUCHE;PSOL;REDE / PSOL;1;Não Eleito;2022-10-03 03:11:03;MA;100001725383;Válido;2040602022;61;3701453
MA;7;Deputado Estadual;35033;MARIA DE JESUS RODRIGUES DE AGUIAR;DE JESUS AGUIAR;PMB;PMB;1;Não Eleito;2022-10-03 03:11:03;MA;100001689721;Válido;2040602022;59;3701453
MA;7;Deputado Estadual;18222;MARCOS ANTONIO FELIX FREITAS;PROFESSOR MARCOS FREITAS;REDE;REDE / PSOL;1;Não Eleito;2022-10-03 03:11:03;MA;100001713945;Válido;2040602022;58;3701453
MA;7;Deputado Estadual;19010;LEIR CALDAS DA SILVA PEREIRA;LEIR CALDAS;PODE;PODE;1;Suplente;2022-10-03 03:11:03;MA;100001669454;Válido;2040602022;55;3701453
MA;7;Deputado Estadual;50777;ALEXSANDRA MELO ESTRELA;ALEXSANDRA;PSOL;REDE / PSOL;1;Não Eleito;2022-10-03 03:11:03;MA;100001713949;Válido;2040602022;54;3701453
MA;7;Deputado Estadual;50033;MYKAL RODRIGUES BEZERRA;MYKAL;PSOL;REDE / PSOL;1;Não Eleito;2022-10-03 03:11:03;MA;100001713947;Válido;2040602022;54;3701453
MA;7;Deputado Estadual;19225;RAIMUNDO NONATO CUNHA NETO;NONATO CUNHA;PODE;PODE;1;Suplente;2022-10-03 03:11:03;MA;100001614810;Válido;2040602022;53;3701453
MA;7;Deputado Estadual;90234;JOSE EDIMAR MATOS;EDIMAR DA FARMÁCIA;PROS;PROS;1;Não Eleito;2022-10-03 03:11:03;MA;100001599547;Válido;2040602022;52;3701453
MA;7;Deputado Estadual;27723;DINA DIAS DA SILVA;DINA SILVA;DC;DC;1;Não Eleito;2022-10-03 03:11:03;MA;100001723194;Válido;2040602022;51;3701453
MA;7;Deputado Estadual;36936;FRANCISCO CARLOS TRINDADE VERAS;VERAS;AGIR;AGIR;1;Não Eleito;2022-10-03 03:11:03;MA;100001689548;Válido;2040602022;50;3701453
MA;7;Deputado Estadual;27149;GENILSON DA SILVA CUNHA;GENILSON CUNHA;DC;DC;1;Não Eleito;2022-10-03 03:11:03;MA;100001723196;Válido;2040602022;49;3701453
MA;7;Deputado Estadual;27032;JOSE RIBAMAR ARAUJO;RIBA DA PALMEIRA;DC;DC;1;Não Eleito;2022-10-03 03:11:03;MA;100001723197;Válido;2040602022;45;3701453
MA;7;Deputado Estadual;20234;JUACY CANTANHEDE DE OLIVEIRA;IRMAO JUACY;PSC;PSC;1;Suplente;2022-10-03 03:11:03;MA;100001620086;Válido;2040602022;45;3701453
MA;7;Deputado Estadual;51130;SHIRLEY JANE COSTA BRITO;SHIRLEY JANE;PATRIOTA;PATRIOTA;1;Suplente;2022-10-03 03:11:03;MA;100001608124;Válido;2040602022;41;3701453
MA;7;Deputado Estadual;90456;SILMARA DO NASCIMENTO ALVES;SILMARA ALVES ;PROS;PROS;1;Não Eleito;2022-10-03 03:11:03;MA;100001599566;Válido;2040602022;41;3701453
MA;7;Deputado Estadual;55330;RAIMUNDA VÂNIA ALMEIDA LIMA;VÂNIA LIMA;PSD;PSD;1;Suplente;2022-10-03 03:11:03;MA;100001732839;Válido;2040602022;40;3701453
MA;7;Deputado Estadual;35120;MARILENE RIBEIRO FERREIRA;MARILENE RIBEIRO FERREIRA;PMB;PMB;1;Não Eleito;2022-10-03 03:11:03;MA;100001689730;Válido;2040602022;40;3701453
MA;7;Deputado Estadual;36066;CONCEICAO DE MARIA BEZERRA ALMEIDA;CONCITA;AGIR;AGIR;1;Não Eleito;2022-10-03 03:11:03;MA;100001689540;Válido;2040602022;37;3701453
MA;7;Deputado Estadual;23008;MARIA RUTHE MENDES DO CARMO REGO;MARIA RUTHE;CIDADANIA;CIDADANIA / PSDB;1;Não Eleito;2022-10-03 03:11:03;MA;100001732266;Válido;2040602022;37;3701453
MA;7;Deputado Estadual;90077;MAURO DA SILVA CRUZ;PR, MAURÃO;PROS;PROS;1;Não Eleito;2022-10-03 03:11:03;MA;100001599563;Válido;2040602022;36;3701453
MA;7;Deputado Estadual;14145;JUCILEIDE GASPAR CASTRO GOVEIA;JUCILEIDE GASPAR;PTB;PTB;1;Não Eleito;2022-10-03 03:11:03;MA;100001648819;Válido;2040602022;34;3701453
MA;7;Deputado Estadual;28790;HAMURABI SIMPLICIO CUTRIM DA SILVA;HAMURABI;PRTB;PRTB;1;Não Eleito;2022-10-03 03:11:03;MA;100001675693;Válido;2040602022;34;3701453
MA;7;Deputado Estadual;20017;MARIA DE FATIMA ROCHA DOS SANTOS;FATIMA ROCHA;PSC;PSC;1;Suplente;2022-10-03 03:11:03;MA;100001620090;Válido;2040602022;33;3701453
MA;7;Deputado Estadual;50100;SHARLLAM MACIEL VIANA;SHARLLAM;PSOL;REDE / PSOL;1;Não Eleito;2022-10-03 03:11:03;MA;100001713940;Válido;2040602022;33;3701453
MA;7;Deputado Estadual;28111;JOÃO BATISTA DE SOUSA SILVA;JOHNNY BATISTA;PRTB;PRTB;1;Não Eleito;2022-10-03 03:11:03;MA;100001675678;Válido;2040602022;33;3701453
MA;7;Deputado Estadual;43777;NUBIA SILVA DE CARVALHO;NUBIA DO HERMES;PV;PT / PV / PC do B;1;Suplente;2022-10-03 03:11:03;MA;100001613736;Válido;2040602022;30;3701453
MA;7;Deputado Estadual;55022;VALDIRENE CHAGAS;VALDIRENE CHAGAS;PSD;PSD;1;Suplente;2022-10-03 03:11:03;MA;100001607109;Válido;2040602022;29;3701453
MA;7;Deputado Estadual;29029;THIAGO MARTINS DE MELO;THIAGO MARTINS ;PCO;PCO;1;Não Eleito;2022-10-03 03:11:03;MA;100001666493;Válido;2040602022;29;3701453
MA;7;Deputado Estadual;55234;JOILAN DE SOUSA BANDEIRA;JOILAN BANDEIRA;PSD;PSD;1;Suplente;2022-10-03 03:11:03;MA;100001607110;Válido;2040602022;29;3701453
MA;7;Deputado Estadual;20580;MARIA DA GRAÇA COSTA DOS SANTOS;GRAÇA SANTOS;PSC;PSC;1;Suplente;2022-10-03 03:11:03;MA;100001620089;Válido;2040602022;29;3701453
MA;7;Deputado Estadual;20018;DARCILENE DA SILVA SOUZA;LENE DO SALÃO;PSC;PSC;1;Suplente;2022-10-03 03:11:03;MA;100001620101;Válido;2040602022;28;3701453
MA;7;Deputado Estadual;28432;FRANCISCA AMÁLIA MACHADO FERRAZ;AMÁLIA FERRAZ;PRTB;PRTB;1;Não Eleito;2022-10-03 03:11:03;MA;100001729508;Válido;2040602022;27;3701453
MA;7;Deputado Estadual;19445;JORGE HENRIQUE ROCHA MELO;JORGE TIKIRA;PODE;PODE;1;Suplente;2022-10-03 03:11:03;MA;100001614813;Válido;2040602022;26;3701453
MA;7;Deputado Estadual;23500;SUELLEN ALMEIDA DOS REIS;SUELLEN ALMEIDA;CIDADANIA;CIDADANIA / PSDB;1;Não Eleito;2022-10-03 03:11:03;MA;100001732267;Válido;2040602022;25;3701453
MA;7;Deputado Estadual;28215;MAYDRA LUPHIA BORGES PINTO MORAES;MAYDRA LUPHIA;PRTB;PRTB;1;Não Eleito;2022-10-03 03:11:03;MA;100001675686;Válido;2040602022;22;3701453
MA;7;Deputado Estadual;23002;CLEOR SANTOS OLIVEIRA;CLEOR SANTOS;CIDADANIA;CIDADANIA / PSDB;1;Não Eleito;2022-10-03 03:11:03;MA;100001732263;Válido;2040602022;21;3701453
MA;7;Deputado Estadual;27007;JAREDE ALENCAR ALVES;ALENCAR;DC;DC;1;Não Eleito;2022-10-03 03:11:03;MA;100001723203;Válido;2040602022;19;3701453
MA;7;Deputado Estadual;35444;JOEL CARVALHO BRITO;JOEL BRITO;PMB;PMB;1;Não Eleito;2022-10-03 03:11:03;MA;100001689732;Válido;2040602022;18;3701453
MA;7;Deputado Estadual;35456;HERLANE JOSÉ SANTOS RIBEIRO;HERLANE RIBEIRO;PMB;PMB;1;Não Eleito;2022-10-03 03:11:03;MA;100001725945;Válido;2040602022;14;3701453
MA;7;Deputado Estadual;14221;ZILMARA DE JESUS LIMA;ZILMARA;PTB;PTB;1;Não Eleito;2022-10-03 03:11:03;MA;100001648818;Válido;2040602022;10;3701453
MA;7;Deputado Estadual;20468;VITORIA GABRIELA DIAS ALMEIDA;VITORIA ALMEIDA;PSC;PSC;1;Suplente;2022-10-03 03:11:03;MA;100001620098;Válido;2040602022;10;3701453
MA;7;Deputado Estadual;90115;PRISCILA SUANY OLIVEIRA SILVA;PRISCILA SUANY ;PROS;PROS;1;Não Eleito;2022-10-03 03:11:03;MA;100001599565;Válido;2040602022;7;3701453
MA;7;Deputado Estadual;27789;MARIA ALVES DE SOUSA;MARI;DC;DC;1;Não Eleito;2022-10-03 03:11:03;MA;100001723189;Válido;2040602022;6;3701453
MA;7;Deputado Estadual;36741;JHENYFER PAULA DO NASCIMENTO;JHENYFER SANTANA;AGIR;AGIR;1;Não Eleito;2022-10-03 03:11:03;MA;100001689552;Válido;2040602022;6;3701453
MA;7;Deputado Estadual;27666;CARLOS ALEX DA LUZ MELO;ALEX DO VASSOURAL;DC;DC;1;Não Eleito;2022-10-03 03:11:03;MA;100001723187;Válido;2040602022;5;3701453
MA;7;Deputado Estadual;27888;TASSIA MARINHO MENDONÇA;IRMÃ TASSIA;DC;DC;1;Não Eleito;2022-10-03 03:11:03;MA;100001723200;Válido;2040602022;5;3701453
MA;7;Deputado Estadual;20159;CLAUDIA GUILHERMINA BRITO LIRA;CLAUDIA LIRA;PSC;PSC;1;Suplente;2022-10-03 03:11:03;MA;100001620073;Válido;2040602022;4;3701453
MA;7;Deputado Estadual;27221;WALTINEIA GOMES DOS SANTOS;WAL GOMES;DC;DC;1;Não Eleito;2022-10-03 03:11:03;MA;100001723210;Válido;2040602022;3;3701453
MA;7;Deputado Estadual;90369;VINOLIA DOS SANTOS SOARES;VINOLIA SOARES ;PROS;PROS;1;Não Eleito;2022-10-03 03:11:03;MA;100001599544;Válido;2040602022;2;3701453
MA;7;Deputado Estadual;28369;JOSÉ RAIMUNDO GUIMARÃES GARCÊS JUNIOR;GUIMARÃES JÚNIOR;PRTB;PRTB;1;Não Eleito;2022-10-03 03:11:03;MA;100001675668;Válido;2040602022;2;3701453
MA;7;Deputado Estadual;28321;VALBERDAN SANTOS DE ASSUNÇÃO;ASSUNÇÃO COLETIVO BRIG FALCÃO;PRTB;PRTB;1;Não Eleito;2022-10-03 03:11:03;MA;100001675685;Válido;2040602022;2;3701453
MA;7;Deputado Estadual;19532;GEYSE REIS BORGES;GEYSE REIS;PODE;PODE;1;Suplente;2022-10-03 03:11:03;MA;100001723432;Válido;2040602022;2;3701453
MA;7;Deputado Estadual;10147;THITO FABIO DE SOUZA MEDEIROS;THITO FABIO;REPUBLICANOS;REPUBLICANOS;1;Não Eleito;2022-10-03 03:11:03;MA;100001602655;Anulado sub judice;2040602022;0;3701453
MA;7;Deputado Estadual;36423;DEUZILENE SOARES BARROS;DEUZILENE BARROS;AGIR;AGIR;1;Não Eleito;2022-10-03 03:11:03;MA;100001689542;Anulado sub judice;2040602022;0;3701453
MA;7;Deputado Estadual;11225;FRANCISCO DE SOUSA GOMES;PROF FRANCISCO GOMES;PP;PP;1;Não Eleito;2022-10-03 03:11:03;MA;100001608089;Anulado sub judice;2040602022;0;3701453
MA;7;Deputado Estadual;22444;FABIANO DOS SANTOS BRANDÃO;SUB TENENTE FABIANO;PL;PL;1;Não Eleito;2022-10-03 03:11:03;MA;100001603159;Anulado sub judice;2040602022;0;3701453
MA;7;Deputado Estadual;19337;KELLY CRISTINA DE JESUS DE BRITO;KELLY  BRITO;PODE;PODE;1;Não Eleito;2022-10-03 03:11:03;MA;100001614814;Anulado sub judice;2040602022;0;3701453
MA;7;Deputado Estadual;19556;MARCELO THADEU PENHA CARDOSO;MARCELO PENHA;PODE;PODE;1;Não Eleito;2022-10-03 03:11:03;MA;100001614808;Anulado sub judice;2040602022;0;3701453
MA;7;Deputado Estadual;19333;CARLOS ALBERTO LOPES PEREIRA;CARRINHO MUNIZ;PODE;PODE;1;Não Eleito;2022-10-03 03:11:03;MA;100001614817;Anulado sub judice;2040602022;0;3701453
MA;7;Deputado Estadual;15999;IRANILDE SILVA DE CARVALHO;NILDE DA JOANA;MDB;MDB;1;Não Eleito;2022-10-03 03:11:03;MA;100001606604;Anulado sub judice;2040602022;0;3701453
MA;7;Deputado Estadual;27055;GONZALEZ FELIPE PEREIRA FILHO;GONZALES FILHO;DC;DC;1;Não Eleito;2022-10-03 03:11:03;MA;100001723198;Válido;2040602022;0;3701453
MA;7;Deputado Estadual;90133;JOSÉ GENESIO MENDES SOARES;ZÉ GENESIO;PROS;PROS;1;Não Eleito;2022-10-03 03:11:03;MA;100001636777;Anulado sub judice;2040602022;0;3701453
MA;7;Deputado Estadual;40133;JOSÉ RIBAMAR SOUSA SOEIRO;RIBA SOUSA;PSB;PSB;1;Não Eleito;2022-10-03 03:11:03;MA;100001607071;Anulado sub judice;2040602022;0;3701453
MA;7;Deputado Estadual;16777;WALTER THEOPHILO MAIA NETO;PROFESSOR WALTER MAIA;PSTU;PSTU;1;Não Eleito;2022-10-03 03:11:03;MA;100001600024;Anulado sub judice;2040602022;0;3701453
MA;7;Deputado Estadual;50133;PAULO DE TASSO ALVES MARTINS;PAULO DO COLETIVO LULAMARIELLE;PSOL;REDE / PSOL;1;Não Eleito;2022-10-03 03:11:03;MA;100001725389;Anulado sub judice;2040602022;0;3701453
MA;7;Deputado Estadual;19369;MARTA SURAMA VIEIRA COSTA;MARTA SURAMA;PODE;PODE;1;Não Eleito;2022-10-03 03:11:03;MA;100001614809;Anulado sub judice;2040602022;0;3701453
MA;7;Deputado Estadual;16789;DOMINGOS LOPES DA SILVA FILHO;DOMINGOS FILHO;PSTU;PSTU;1;Não Eleito;2022-10-03 03:11:03;MA;100001600020;Anulado sub judice;2040602022;0;3701453
